index,Name,Address,Brand,Gasoline_P,Diesel_P,SELF_YN,CWASH_YN,LPG_YN,MAINT_YN,CVS_YN,SEL24_YN,Area
0,'(주)보성 세곡주유소','서울 강남구  헌릉로 731 (세곡동)','SKE','1663','1839','Y','Y','','N','N','N',강남구
1,'방죽주유소','서울 강남구 밤고개로 215 (율현동)','GSC','1687','1899','Y','Y','','N','N','N',강남구
2,'현대오일뱅크(주)직영 산성셀프주유소','서울 강남구 헌릉로 730','HDO','1689','1879','Y','Y','','N','N','N',강남구
3,'오일프러스 셀프','서울 강남구 남부순환로 2651 (도곡동)','SKE','1716','1888','Y','Y','','Y','N','Y',강남구
4,'자곡셀프주유소','서울 강남구 밤고개로 120 (자곡동)','SKE','1727','1898','Y','Y','','N','N','N',강남구
5,'대교주유소','서울 강남구 강남대로 640 (신사동)','SKE','1730','1910','Y','N','','N','N','N',강남구
6,'현대오일뱅크 도곡셀프주유소','서울 강남구  남부순환로 2718 (도곡2동)','HDO','1735','1873','Y','Y','','Y','N','N',강남구
7,'일원주유소','서울 강남구 양재대로55길 3 (일원동)','SOL','1747','1999','Y','N','','N','N','N',강남구
8,'(주)중앙에너비스 수서지점','서울 강남구 광평로 202 (수서동)','SKE','1747','1947','Y','Y','','N','N','N',강남구
9,'현대오일뱅크(주) 유진주유소','서울 강남구 논현로 152 (도곡동)','HDO','1750','1888','N','Y','','Y','N','N',강남구
10,'SK에너지㈜ 진달래주유소','서울 강남구 도곡로 208','SKE','1769','1929','N','Y','','N','N','N',강남구
11,'SK서광주유소','서울 강남구 역삼로 142','SKE','1775','1880','Y','Y','','N','N','Y',강남구
12,'(주)선진도곡주유소','서울 강남구 도곡로 162 (도곡동)','SOL','1779','1969','N','Y','','Y','N','N',강남구
13,'SK에너지(주) 매봉주유소','서울 강남구 언주로 307','SKE','1779','1969','Y','Y','','Y','N','N',강남구
14,'지에스칼텍스㈜에너지플러스허브GS타워','서울 강남구 논현로 516 (역삼동)','GSC','1784','1978','N','N','','Y','N','Y',강남구
15,'(유)동하석유 힐탑셀프주유소','서울 강남구 논현로 640','SKE','1797','1997','Y','Y','','N','N','Y',강남구
16,'대동석유 압구정주유소','서울 강남구 언주로 842 (신사동)','SKE','1797','1977','Y','Y','','N','N','Y',강남구
17,'에스제이에너지산업(주) 개포주유소','서울 강남구 양재대로 339','GSC','1798','2098','N','Y','','N','N','N',강남구
18,'에쓰-오일㈜직영 개나리주유소','서울 강남구 언주로 423 (역삼동)','SOL','1829','2029','N','Y','','N','N','Y',강남구
19,'현대오일뱅크(주)직영 신사현대주유소','서울 강남구 도산대로 163 (신사동)','HDO','1898','1984','N','Y','','N','N','N',강남구
20,'삼성동주유소','서울 강남구 테헤란로 619 (삼성동)','HDO','1909','2029','Y','Y','','N','N','N',강남구
21,'지에스칼텍스㈜ 은마주유소','서울 강남구 영동대로 235','GSC','1912','2054','N','Y','','Y','N','Y',강남구
22,'현대오일뱅크(주)직영 한양주유소','서울 강남구 압구정로 302 (신사동)','HDO','1947','1994','N','Y','','N','N','N',강남구
23,'대성석유(주)동호주유소','서울 강남구 봉은사로113길 51','GSC','1979','2122','N','N','','N','N','N',강남구
24,'지에스칼텍스㈜ 삼성로주유소','서울 강남구 삼성로 563 (삼성동)','GSC','1998','2104','Y','Y','','N','N','Y',강남구
25,'(주)소모에너지 쎈트럴주유소','서울 강남구 삼성로 335','GSC','1998','2104','N','Y','','N','N','N',강남구
26,'지에스칼텍스(주)학여울주유소','서울 강남구 남부순환로 3170 (일원2동)','GSC','2044','2197','N','Y','','N','N','N',강남구
27,'명품주유소','서울 강남구 도곡로 249 (역삼동)','SOL','2197','2279','N','Y','','N','N','Y',강남구
28,'㈜새서울석유 새서울주유소','서울 강남구 압구정로 154','HDO','2198','2289','N','Y','','N','N','Y',강남구
29,'대청주유소','서울 강남구 개포로 654 (일원동)','SKE','2226','2279','N','Y','','N','N','N',강남구
30,'(주)새서울네트웍스 제이제이주유소','서울 강남구 언주로 716','HDO','2248','2437','N','Y','','N','N','Y',강남구
31,'SK논현주유소','서울 강남구 논현로 747 (논현동)','SKE','2345','2375','N','Y','','Y','N','Y',강남구
32,'갤러리아주유소','서울 강남구 압구정로 426','SKE','2357','2377','N','Y','','N','N','N',강남구
33,'(주)만정에너지 삼보주유소','서울 강남구 봉은사로 433 (삼성동)','GSC','2598','2590','N','Y','','N','N','N',강남구
34,'재건에너지 재정제2주유소 고속셀프지점','서울특별시 강동구  천호대로 1246 (둔촌제2동)','HDO','1669','1839','Y','Y','','N','N','N',강동구
35,'구천면주유소','서울 강동구 구천면로 357 (암사동)','HDO','1684','1865','N','N','','N','N','N',강동구
36,'현대오일뱅크㈜직영 명일셀프주유소','서울 강동구 고덕로 168 (명일동)','HDO','1689','1866','Y','N','','N','N','N',강동구
37,'(주)소모에너지 신월셀프주유소','서울 강동구 양재대로 1323 (성내동)','GSC','1695','2080','Y','Y','','N','N','N',강동구
38,'방아다리주유소','서울 강동구 동남로 811 (명일동)','SKE','1695','1895','Y','Y','','N','N','N',강동구
39,'대성석유(주)길동주유소','서울 강동구 천호대로 1168','GSC','1716','1919','N','Y','','N','N','N',강동구
40,'(주)삼표에너지 고덕주유소','서울 강동구 고덕로 39 (암사동)','GSC','1726','1879','Y','Y','','N','Y','N',강동구
41,'sk해뜨는주유소','서울 강동구  상일로 132 (강일동)','SKE','1755','1899','Y','Y','','Y','N','N',강동구
42,'지에스칼텍스㈜ 동서울주유소','서울 강동구 천호대로 1456 (상일동)','GSC','1758','1998','Y','Y','','N','N','N',강동구
43,'주)지유에너지직영 오렌지주유소','서울 강동구 성안로 102 (성내동)','SKE','1796','1896','N','Y','','Y','N','N',강동구
44,'(주)소모에너지 성내주유소','서울 강동구 올림픽로 578 (성내동)','GSC','1798','1928','Y','Y','','Y','N','N',강동구
45,'(주)퍼스트오일 코알라주유소','서울특별시 강동구  올림픽로 556 (성내동)','SOL','1798','1928','Y','Y','','N','N','N',강동구
46,'천호현대주유소','서울 강동구 천중로 67 (천호동)','HDO','1848','2051','N','Y','','Y','N','N',강동구
47,'광성주유소','서울 강동구 올림픽로 673 (천호동)','SOL','1978','2108','N','Y','','Y','N','Y',강동구
48,'북서울고속주유소','서울 강북구 삼양로 410 (수유동)','SKE','1625','1795','Y','N','','N','N','Y',강북구
49,'(주)석산에너지','서울 강북구 삼양로 316 (수유동)','HDO','1625','1795','Y','N','','N','N','N',강북구
50,'(주)서울에너지 시민주유소','서울 강북구 인수봉로 185 (수유동)','HDO','1625','1795','N','N','','N','N','N',강북구
51,'SK에너지(주) 매일주유소','서울 강북구 삼양로 217 (미아동)','SKE','1625','1845','Y','Y','','N','Y','N',강북구
52,'수유동주유소','서울 강북구 도봉로 395 (수유동)','GSC','1625','1815','Y','Y','','N','N','Y',강북구
53,'덕릉로주유소','서울 강북구 덕릉로 158 (번동)','SOL','1635','1825','Y','Y','','N','N','N',강북구
54,'씨앤에스유통㈜ 미아셀프주유소','서울 강북구 도봉로 200 (미아동)','SOL','1635','1835','Y','Y','','N','N','N',강북구
55,'현대오일뱅크(주)직영 번동셀프주유소','서울 강북구 한천로 963 (번동)','HDO','1637','1827','Y','Y','','Y','N','Y',강북구
56,'세원주유소','서울 강북구 한천로 918 (번동)','SKE','1658','1848','Y','Y','','N','N','N',강북구
57,'대성석유(주)신광주유소','서울 강북구 삼양로 484','GSC','1665','1855','N','Y','','Y','N','N',강북구
58,'㈜지에스이앤알 미아주유소','서울 강북구 도봉로 122 (미아동)','GSC','1669','1848','Y','Y','','N','N','N',강북구
59,'에덴주유소','서울 강북구 월계로 195 (번동)','SKE','1689','1879','Y','Y','','Y','N','N',강북구
60,'화곡역주유소','서울 강서구 강서로 154 (화곡동)','RTO','1574','1825','Y','N','','N','N','Y',강서구
61,'목화주유소','서울 강서구 국회대로 251 (화곡동)','RTO','1574','1845','Y','Y','','N','N','N',강서구
62,'뉴신정주유소','서울 강서구 곰달래로 207 (화곡동)','RTO','1574','1825','N','N','','N','N','N',강서구
63,'이케이에너지(주) 강서주유소','서울 강서구 화곡로 273 (화곡동)','HDO','1574','1817','Y','Y','','Y','N','N',강서구
64,'강서오곡셀프주유소','서울 강서구 벌말로 254 (오곡동)','SKE','1585','1835','Y','Y','','N','N','Y',강서구
65,'KH에너지(주)직영 KH외발산주유소','서울 강서구 방화대로 30','SKE','1597','1842','Y','Y','','Y','Y','N',강서구
66,'유턴주유소','서울 강서구 남부순환로 57','RTO','1605','1859','Y','N','','N','N','N',강서구
67,'지에스칼텍스㈜ 경인고속주유소','서울 강서구 국회대로 225 (화곡동)','GSC','1610','1854','Y','Y','','Y','N','Y',강서구
68,'방화주유소','서울 강서구 방화동로 58-2 (방화동)','SKE','1613','1833','Y','N','','N','N','N',강서구
69,'행촌에너지 공항주유소','서울 강서구 개화동로 420 (개화동)','HDO','1614','1834','Y','Y','','Y','Y','Y',강서구
70,'스카이주유소','서울 강서구 개화동로 457 (방화동)','SOL','1645','1894','Y','Y','','N','N','Y',강서구
71,'개화주유소','서울 강서구 양천로 57','SKE','1647','1867','Y','Y','','N','N','N',강서구
72,'(주)한진 김포공항주유소','서울 강서구 하늘길 259','SOL','1659','1869','Y','Y','','N','N','N',강서구
73,'오션네트웍스(주) 서울식물원지점','서울 강서구 양천로 300','SKE','1666','1878','Y','N','','N','N','N',강서구
74,'대성석유(주) 마곡대성주유소','서울 강서구 강서로 457','GSC','1666','1878','Y','N','','N','N','N',강서구
75,'현대오일뱅크 등촌주유소','서울 강서구 등촌로 189 (등촌동)','HDO','1666','1866','N','Y','','N','N','N',강서구
76,'화곡현대주유소','서울 강서구 강서로 151 (화곡동)','SKE','1667','1886','Y','Y','','N','N','Y',강서구
77,'강서열린주유소','서울 강서구 등촌로 213 (등촌동)','GSC','1668','1888','N','Y','','N','N','N',강서구
78,'현대오일뱅크(주) 가양주유소','서울 강서구  양천로 391 (가양동)','HDO','1669','1848','N','Y','','N','N','N',강서구
79,'신화곡주유소','서울 강서구 국회대로 71','SOL','1675','1895','Y','Y','','N','N','N',강서구
80,'대성석유(주) 관문주유소','서울 강서구 공항대로 314','GSC','1676','1898','N','Y','','Y','N','N',강서구
81,'하이웨이주유소','서울특별시 강서구 공항대로 432(화곡동)','SOL','1677','1897','Y','Y','','N','Y','Y',강서구
82,'현대오일뱅크 양화교주유소','서울 강서구 공항대로 653','HDO','1682','1865','Y','Y','','N','N','N',강서구
83,'대성석유(주)방화대성주유소','서울 강서구 양천로 176','GSC','1686','1898','Y','Y','','N','Y','N',강서구
84,'KH에너지(주)직영 가양주유소','서울 강서구 강서로 498 (가양동)','SKE','1686','1898','N','Y','','Y','Y','Y',강서구
85,'대성주유소','서울 강서구 강서로 472','GSC','1686','1898','N','Y','','Y','N','N',강서구
86,'세원제1주유소','서울 강서구 양천로 311 (가양동)','SKE','1690','1880','Y','Y','','Y','N','N',강서구
87,'우장산주유소','서울 강서구 강서로 292 (내발산동)','SKE','1695','1895','Y','N','','N','N','N',강서구
88,'(주)한진 김포공항제2주유소','서울 강서구 하늘길 112','SOL','1735','1923','Y','N','','N','N','N',강서구
89,'박물관주유소','서울 강서구 양천로53길 97 (가양동)','GSC','1748','1928','N','Y','','Y','Y','N',강서구
90,'코리나(주)청룡주유소','서울 강서구 양천로 576','SKE','1748','1898','N','Y','','N','N','N',강서구
91,'참솔에너지','서울 강서구 벌말로 281 (오곡동)','SOL','1852','1997','Y','Y','','N','N','Y',강서구
92,'염창동주유소','서울 강서구 양천로 720 (염창동)','SKE','1998','2098','N','Y','','N','N','N',강서구
93,'(주)연우에너지 신관주유소','서울 관악구 신림로 290 (신림동)','RTO','1639','1865','Y','Y','','N','N','N',관악구
94,'(주)엠오티이엔지 직영 삼화주유소','서울 관악구 보라매로 41','HDO','1649','1869','N','N','','N','N','Y',관악구
95,'현대오일뱅크(주)직영 관악셀프주유소','서울 관악구 남부순환로 1520 (신림동)','HDO','1684','1869','Y','N','','N','N','N',관악구
96,'SK에너지(주)직영 대공원주유소','서울 관악구 과천대로 921 (남현동)','SKE','1689','1869','N','Y','','Y','Y','N',관악구
97,'서일석유(주)락성주유소','서울 관악구 남부순환로 1920 (봉천동)','GSC','1689','1879','Y','Y','','Y','N','Y',관악구
98,'현대오일뱅크(주)직영 문성골주유소','서울 관악구 문성로 97 (신림동)','HDO','1689','1874','N','Y','','N','N','N',관악구
99,'현대주유소','서울 관악구 난곡로 108 (신림동)','HDO','1689','1869','N','N','','N','N','N',관악구
100,'유림주유소','서울 관악구 신림로 176 (신림동)','SOL','1698','1898','N','Y','','Y','N','Y',관악구
101,'대양석유(주)직영 보라매주유소','서울 관악구  보라매로 26 (봉천동)','SKE','1699','1869','Y','Y','','N','N','N',관악구
102,'SK에너지(주) 신봉천','서울 관악구 남부순환로 1880 (봉천동)','SKE','1699','1879','N','Y','','N','Y','N',관악구
103,'지에스칼텍스㈜ 난곡주유소','서울 관악구 난곡로 206','GSC','1741','1928','N','N','','N','N','N',관악구
104,'관악시몬주유소','서울특별시 관악구 남부순환로 1753 (봉천동)','SOL','1756','1936','N','Y','','N','N','N',관악구
105,'(주)한유에너지행운셀프주유소','서울 관악구 남부순환로 1883 (봉천동)','SKE','1759','1947','Y','Y','','N','N','N',관악구
106,'CJ대한통운㈜ 신림주유소','서울 관악구 남부순환로 1515 (신림동)','GSC','1798','1978','N','Y','','N','N','N',관악구
107,'태양주유소','서울 광진구 동일로 345 (중곡동)','HDO','1616','1824','N','N','','N','N','Y',광진구
108,'정해네트웍스(주)일진주유소','서울 광진구 동일로 413 (중곡동)','SOL','1617','1867','Y','Y','','N','N','Y',광진구
109,'(주)창원CW','서울 광진구 광나루로 460 (화양동)','HDO','1625','1815','Y','Y','','N','N','N',광진구
110,'현대오일뱅크(주)직영 능동주유소','서울 광진구 천호대로 584 (능동)','HDO','1625','1815','Y','Y','','Y','N','Y',광진구
111,'현대오일뱅크(주)직영 중곡현대주유소','서울 광진구 동일로 435 (중곡동)','HDO','1625','1825','Y','Y','','N','N','N',광진구
112,'현대오일뱅크(주) 중원셀프주유소','서울 광진구 동일로 398 (중곡동)','HDO','1625','1825','Y','Y','','N','N','N',광진구
113,'대원주유소','서울 광진구 용마산로 122 (중곡동)','SOL','1645','1869','N','N','','N','N','N',광진구
114,'용마주유소','서울 광진구 용마산로 68 (중곡동)','GSC','1645','1869','N','N','','N','N','N',광진구
115,'(주)장수주유소','서울 광진구 동일로 266 (군자동)','SKE','1668','1874','N','N','','Y','N','Y',광진구
116,'삼호주유소','서울 광진구 천호대로 809 (광장동)','SOL','1682','1897','Y','Y','','N','N','Y',광진구
117,'동서울주유소','서울 광진구 강변역로 10 (구의동)','GSC','1699','1898','N','Y','','N','N','N',광진구
118,'자양주유소','서울 광진구 아차산로 298 (자양동)','SKE','1758','1948','N','Y','','N','N','Y',광진구
119,'강평주유소','서울 광진구 아차산로 616 (광장동)','SKE','1798','1998','N','Y','','N','N','Y',광진구
120,'SK구로주유소','서울 구로구 구일로 94 (구로동)','SKE','1594','1824','N','Y','','N','N','N',구로구
121,'구인주유소','서울 구로구 경인로 558 (구로동)','SKE','1594','1824','N','Y','','Y','Y','N',구로구
122,'(주)한미석유구로그린주유소','서울 구로구 구로중앙로 76 (구로동)','GSC','1595','1827','Y','Y','','Y','N','N',구로구
123,'신성주유소','서울 구로구 구로동로 187 (구로제2동)','HDO','1595','1847','Y','Y','','N','N','N',구로구
124,'처음처럼주유소','서울 구로구 오리로 1299 (궁동)','SOL','1598','1839','N','N','','N','N','N',구로구
125,'극동유화(주) 항동주유소','서울 구로구 서해안로 2154 (항동)','SOL','1619','1849','Y','Y','','N','N','N',구로구
126,'서서울고속주유소','서울 구로구 경인로 150 (오류동)','SKE','1625','1805','Y','Y','','N','N','N',구로구
127,'대원셀프주유소','서울 구로구 개봉로 7','HDO','1637','1867','Y','Y','','N','N','N',구로구
128,'대성산업(주)디큐브주유소','서울 구로구 경인로 650 (신도림동)','GSC','1639','1824','N','N','','N','N','Y',구로구
129,'서울석유(주)풀페이주유소','서울 구로구 경인로 41 (온수동)','SKE','1639','1839','N','Y','','N','Y','Y',구로구
130,'SK에너지(주)직영 개봉동주유소','서울 구로구 경인로 290 (개봉동)','SKE','1649','1850','N','Y','','N','N','N',구로구
131,'현대오일뱅크㈜직영 신오류주유소','서울 구로구 경인로 161 (오류동)','HDO','1649','1835','N','Y','','Y','Y','N',구로구
132,'개봉주유소','서울 구로구 고척로 115 (개봉동)','HDO','1677','1887','Y','Y','','N','N','N',구로구
133,' 현대오일뱅크㈜직영 구로셀프주유소','서울 구로구 시흥대로 531','HDO','1684','1869','Y','Y','','Y','N','Y',구로구
134,'근린공원주유소','서울 구로구 고척로 199 (고척동)','SOL','1765','1935','N','Y','','N','N','N',구로구
135,'현대오일뱅크(주)직영 신구로주유소','서울 구로구 가마산로 293 (구로동)','HDO','1796','1880','N','Y','','N','N','N',구로구
136,'영진주유소','서울 구로구 구로동로 20 (가리봉동)','SOL','1797','1997','N','N','','N','N','N',구로구
137,'JHC에너지','서울 구로구 시흥대로 539','HDO','1799','1897','N','N','','Y','N','N',구로구
138,'동아주유소','서울 구로구 도림로 91 (구로동)','SOL','1998','1998','N','N','','N','Y','N',구로구
139,'구로주유소','서울 구로구 구로동로 137 (구로동)','GSC','2298','2398','N','N','','N','N','N',구로구
140,'구광주유소','서울 금천구 서부샛길 674 (가산동)','SOL','1595','1835','N','Y','','N','N','N',금천구
141,'(주)백운주유소','서울 금천구 시흥대로 282 (독산동)','RTO','1615','1879','Y','N','','N','N','N',금천구
142,'(주)화동유업 화동주유소','서울 금천구 시흥대로 484','SKE','1618','1898','Y','Y','','N','N','N',금천구
143,'대득에너지(금천셀프주유소)','서울 금천구  시흥대로 81 (시흥동)','GSC','1635','1935','Y','Y','','N','Y','Y',금천구
144,'SK에너지(주) 박미주유소','서울 금천구 시흥대로 39-7 (시흥동)','SKE','1645','1935','Y','N','','N','N','N',금천구
145,'현대오일뱅크(주)직영 금천현대셀프주유소','서울 금천구 독산로 147 (시흥동)','HDO','1665','1880','Y','Y','','N','N','N',금천구
146,'백산주유소','서울특별시 금천구  시흥대로 174 (시흥동)','SOL','1685','1898','Y','Y','','Y','N','N',금천구
147,'남서울경복에너지','서울 금천구 독산로 257 (독산동)','HDO','1685','1905','Y','N','','N','N','N',금천구
148,'현대오일뱅크㈜직영 금천제일주유소','서울 금천구 남부순환로 1410 (독산동)','HDO','1689','1889','N','Y','','N','N','N',금천구
149,'SK에너지(주) 이가주유소','서울 금천구 시흥대로 441','SKE','1689','1899','N','Y','','Y','N','N',금천구
150,'지에스칼텍스(주)일신주유소','서울 금천구 시흥대로 118','GSC','1708','1935','Y','Y','','N','N','Y',금천구
151,'이엠석유(주)배꽃나라주유소','서울 노원구 화랑로 466 (공릉1동)','GSC','1625','1865','Y','Y','','Y','N','N',노원구
152,'화랑대주유소','서울 노원구 화랑로 483','HDO','1625','1865','Y','Y','','N','N','N',노원구
153,'월계주유소','서울 노원구 월계로 252 (월계동)','GSC','1635','1835','Y','Y','','Y','N','N',노원구
154,'태릉솔밭주유소','서울 노원구 노원로 49 (공릉동)','SOL','1645','1865','Y','Y','','N','N','Y',노원구
155,'삼육주유소','서울 노원구 화랑로 822 (공릉동)','SKE','1645','1865','Y','Y','','N','N','N',노원구
156,'한신주유소','서울 노원구 동일로 1089 (공릉동)','SKE','1645','1844','Y','Y','','N','N','N',노원구
157,'현대오일뱅크㈜직영 하계주유소','서울 노원구 노원로17길 29 (하계동)','HDO','1655','1865','N','Y','','N','N','N',노원구
158,'남선석유(주)구도일주유소 불암','서울 노원구 한글비석로 268 (중계동)','SOL','1655','1875','Y','Y','','N','N','N',노원구
159,'(주)소모에너지 수락산셀프주유소','서울 노원구 동일로 1772','GSC','1665','1843','Y','N','','N','N','N',노원구
160,'SK에너지㈜직영 상계주유소','서울 노원구 노해로 527 (상계동)','SKE','1675','1875','N','Y','','N','N','N',노원구
161,'성북역주유소','서울 노원구 광운로 95 (월계동)','GSC','1689','1879','N','Y','','N','N','N',노원구
162,'신성주유소','서울 노원구 월계로 328 (월계동)','SOL','1718','1888','Y','Y','','N','N','Y',노원구
163,'노원주유소','서울 노원구 동일로 1008 (공릉동)','GSC','1759','1928','N','Y','','Y','N','N',노원구
164,'상계동주유소','서울 노원구 노원로26길 191 (상계동)','HDO','1770','1980','N','N','','Y','N','N',노원구
165,'하계삼호주유소','서울 노원구 공릉로 294 (하계동)','GSC','1785','1981','N','N','','Y','N','N',노원구
166,'(주)헨지스에너지 구도일주유소 도봉','서울 도봉구 도봉로 706 (방학동)','SOL','1625','1825','Y','Y','','Y','N','N',도봉구
167,'도봉제일주유소(주)송만에너지','서울 도봉구 도봉로 783 (도봉동)','HDO','1625','1815','N','N','','N','N','N',도봉구
168,'삼미북부셀프주유소','서울 도봉구 도봉로 437 (쌍문동)','SKE','1625','1815','Y','Y','','N','N','Y',도봉구
169,'(주)자연에너지 햇살주유소','서울 도봉구 방학로 142 (방학동)','HDO','1625','1815','Y','Y','','N','N','N',도봉구
170,'한이에너지(주) 쌍문주유소','서울 도봉구 도봉로 547 (쌍문동)','SOL','1625','1825','Y','Y','','Y','N','Y',도봉구
171,'극동유화(주) 대안주유소','서울 도봉구 마들로 574 (창동)','SOL','1629','1849','Y','Y','','Y','N','N',도봉구
172,'현대오일뱅크㈜직영 도봉현대셀프주유소','서울 도봉구 도봉로 941 (도봉동)','HDO','1629','1829','Y','Y','','N','Y','N',도봉구
173,'대성산업(주)신창주유소','서울 도봉구 덕릉로 267 (창동)','GSC','1635','1869','Y','Y','','Y','N','Y',도봉구
174,'노원교주유소','서울 도봉구 마들로 776 (도봉동)','HDO','1636','1863','Y','Y','','N','N','N',도봉구
175,'동일석유(주) 창동주유소','서울 도봉구  도봉로 434 (창동)','SKE','1637','1837','Y','Y','','Y','N','N',도봉구
176,'구도일주유소 파크빌','서울 도봉구 해등로3길 86 (창동)','SOL','1637','1837','Y','N','','N','N','N',도봉구
177,'지에스칼텍스㈜ 도봉주유소','서울 도봉구 도봉로 895 (도봉동)','GSC','1648','1895','Y','Y','','Y','N','Y',도봉구
178,'지에스칼텍스㈜ 방학동주유소','서울 도봉구 방학로 186','GSC','1648','1895','Y','Y','','N','N','Y',도봉구
179,'현대오일뱅크㈜직영 영신주유소','서울 도봉구 방학로 151','HDO','1657','1847','N','Y','','N','N','N',도봉구
180,'(주)쌍문셀프주유소','서울 도봉구 노해로 161 (쌍문동)','HDO','1698','1878','Y','Y','','N','N','N',도봉구
181,'오복주유소','서울 도봉구 방학로 43','SOL','1736','1867','Y','Y','','N','N','Y',도봉구
182,'풍한주유소','서울 동대문구 안암로 168','SKE','1625','1815','N','Y','','N','N','Y',동대문구
183,'대성산업(주)동마장주유소','서울 동대문구 고산자로 405 (용두동)','GSC','1625','1885','Y','Y','','Y','N','Y',동대문구
184,'대성산업㈜청량리주유소','서울 동대문구 왕산로 289 (청량리동)','GSC','1625','1875','Y','Y','','N','N','Y',동대문구
185,'동서울고속주유소','서울 동대문구 한천로 414','SKE','1625','1805','Y','N','','N','N','Y',동대문구
186,'삼영주유소','서울 동대문구 답십리로 258 (장안동)','SKE','1625','1825','N','Y','','N','N','N',동대문구
187,'열린주유소','서울 동대문구 한천로 263 (휘경동)','SOL','1635','1839','N','N','','N','N','N',동대문구
188,'(주)파랑에너지','서울 동대문구 망우로 126','GSC','1635','1865','Y','Y','','N','N','N',동대문구
189,'(주)경동주유소','서울 동대문구 이문로 191 (이문동)','SOL','1645','1825','Y','Y','','N','N','N',동대문구
190,'재정제2주유소','서울 동대문구 사가정로 90 (전농동)','HDO','1659','1829','Y','Y','','N','N','N',동대문구
191,'재정주유소','서울 동대문구 전농로 121 (전농동)','HDO','1659','1829','Y','Y','','N','N','N',동대문구
192,'(주)안국에너지 삼원셀프주유소','서울 동대문구 망우로 90 (휘경동)','SKE','1668','1868','Y','Y','','N','N','N',동대문구
193,'현대오일뱅크㈜직영 스피드주유소','서울 동대문구 천호대로 453 (장안동)','HDO','1677','1845','N','Y','','N','N','Y',동대문구
194,'홍능주유소','서울 동대문구 홍릉로 87 (청량리동)','SOL','1685','1875','N','Y','','N','N','N',동대문구
195,'배봉로주유소','서울 동대문구 서울시립대로 108','HDO','1695','1885','Y','Y','','N','N','N',동대문구
196,'삼미상사(주)장안킹셀프주유소','서울 동대문구  한천로 100 (장안동)','SKE','1697','1889','Y','Y','','N','N','N',동대문구
197,'오동나무주유소','서울 동대문구  한천로 81 (답십리동)','SOL','1698','1898','N','N','','N','N','N',동대문구
198,'한영주유소 (한화)','서울 동대문구 망우로 38 (휘경동)','HDO','1870','1990','N','N','','N','N','N',동대문구
199,'지에스칼텍스(주) 대방주유소','서울 동작구 여의대방로 214','GSC','1644','1880','N','N','','N','N','N',동작구
200,'창원이엔지주유소','서울 동작구 사당로 59 (상도동)','HDO','1669','1857','N','Y','','N','N','N',동작구
201,'매일주유소','서울 동작구 상도로 139 (상도동)','SOL','1679','1889','Y','Y','','N','N','N',동작구
202,'현대오일뱅크㈜직영 신대방셀프주유소','서울 동작구 시흥대로 616 (신대방동)','HDO','1684','1894','Y','Y','','Y','Y','Y',동작구
203,'현대오일뱅크(주)직영 사당셀프주유소','서울 동작구 동작대로 73 (사당동)','HDO','1697','1879','Y','Y','','N','N','Y',동작구
204,'현대오일뱅크㈜직영 흑석동셀프주유소','서울 동작구 현충로 101 (흑석동)','HDO','1697','1869','Y','Y','','N','N','Y',동작구
205,'지에스칼텍스㈜직영 남성주유소','서울 동작구 동작대로 135 (사당동)','GSC','1699','1910','Y','N','','N','N','Y',동작구
206,'현대오일뱅크(주)직영 동작주유소','서울 동작구 상도로 403 (상도동)','HDO','1707','1889','N','Y','','N','N','N',동작구
207,'살피재주유소','서울 동작구 상도로 334','SKE','1875','1985','N','N','','N','N','N',동작구
208,'성산대교셀프주유소','서울 마포구 성산로 144','HDO','1677','1827','Y','Y','','Y','N','N',마포구
209,'청원주유소','서울 마포구 월드컵북로 113 (성산동)','HDO','1677','1857','Y','Y','','N','N','N',마포구
210,'성산주유소','서울 마포구 월드컵북로 170 (성산제2동)','SKE','1687','1857','N','N','','N','N','N',마포구
211,'마포시엠주유소','서울 마포구 월드컵북로62 (성산동)','GSC','1687','1857','N','N','','N','N','N',마포구
212,'에스오일(주) 염리동주유소','서울 마포구 백범로 126 (염리동)','SOL','1699','1899','Y','Y','','N','N','N',마포구
213,'에스에스오토셀프','서울 마포구 서강로 76 (창전동)','HDO','1699','1899','Y','Y','','N','N','Y',마포구
214,'(주)안국에너지 망원동주유소','서울 마포구 월드컵로 119 (망원동)','SKE','1718','1878','N','Y','','N','N','N',마포구
215,'SK에너지 양지주유소','서울 마포구 마포대로 69 (도화동)','SKE','1719','1979','N','N','','Y','Y','Y',마포구
216,'용강주유소','서울 마포구 토정로 258','SOL','1729','1939','N','N','','N','N','N',마포구
217,'(주)만성상사 대흥주유소','서울 마포구 대흥로 61 (대흥동)','SKE','1729','1939','N','Y','','N','N','Y',마포구
218,'SK에너지(주) 안국주유소','서울 마포구 양화로 33','SKE','1769','1979','N','N','','N','N','Y',마포구
219,'마포주유소','서울 마포구 마포대로 186 (공덕동)','SOL','1999','2199','N','Y','','N','N','N',마포구
220,'구도일주유소 두꺼비','서울 서대문구 성산로 312','SOL','1619','1815','Y','Y','','Y','N','N',서대문구
221,'현대오일뱅크(주)직영 연세주유소','서울 서대문구 연희로 184','HDO','1649','1849','Y','Y','','N','N','N',서대문구
222,'행촌제2주유소','서울 서대문구 성산로 490 (대신동)','SKE','1649','1845','Y','Y','','N','Y','Y',서대문구
223,'(주)가재울뉴타운주유소','서울 서대문구 모래내로 205','HDO','1653','1873','Y','N','','N','Y','Y',서대문구
224,'(주)미래아스팔트 신우주유소','서울 서대문구 가좌로 106(홍은동)','SOL','1654','1867','Y','Y','','Y','N','N',서대문구
225,'남정주유소','서울 서대문구 모래내로 243 (남가좌동)','GSC','1658','1878','N','N','','N','N','N',서대문구
226,'㈜우남에너지 문화사랑주유소','서울 서대문구 세검정로 87 (홍제동)','SOL','1659','1899','Y','Y','','N','N','N',서대문구
227,'(주)창원이엔지 홍제지점','서울 서대문구 통일로 455 (홍제동)','HDO','1659','1844','N','N','','N','N','N',서대문구
228,'(주)안국에너지 삼보셀프주유소','서울 서대문구 연희로 78 (연희동)','SKE','1668','1858','Y','Y','','Y','N','N',서대문구
229,'중앙에너비스 동교지점','서울 서대문구 연희로 12 (창천동)','SKE','1675','1865','Y','N','','N','Y','N',서대문구
230,'현대오일뱅크㈜직영 독립문주유소','서울 서대문구 통일로 384 (홍제동)','HDO','1679','1864','N','Y','','N','Y','N',서대문구
231,'(주)성림에너지 홍제동주유소','서울 서대문구 통일로 372','GSC','1682','1859','Y','Y','','N','N','N',서대문구
232,'삼미상사(주)서부주유소','서울 서대문구 성산로 255','SKE','1689','1885','Y','Y','','Y','Y','Y',서대문구
233,'광호주유소','서울 서대문구 연희로 266 (홍은동)','SKE','1698','1898','N','Y','','N','N','N',서대문구
234,'연희주유소','서울 서대문구 연희로 129 (연희동 89-7번지)','SKE','1698','1898','N','Y','','N','Y','N',서대문구
235,'만남의광장주유소','서울 서초구 양재대로12길 73-71','RTX','1598','1799','Y','N','','N','Y','Y',서초구
236,'현대오일뱅크㈜직영 사평로주유소','서울 서초구 사평대로 350 (서초동)','HDO','1682','1877','N','Y','','N','N','N',서초구
237,'극동유화(주) 전당앞주유소','서울 서초구 남부순환로 2391 (서초동)','SOL','1685','1915','Y','Y','','Y','N','N',서초구
238,'(주)대농석유 남태령주유소','서울 서초구 과천대로 838 (방배동)','SKE','1685','1865','Y','Y','','N','N','N',서초구
239,'(주)한미석유 서초주유소','서울 서초구 반포대로 64 (서초동)','GSC','1685','1915','Y','N','','N','N','N',서초구
240,'대성산업(주)직영 강남주유소','서울 서초구 반포대로 284 (반포동)','GSC','1695','1899','Y','N','','N','N','N',서초구
241,'에너지플러스허브 삼방주유소','서울 서초구 사평대로 364 (서초동)','GSC','1695','1946','Y','Y','','N','N','Y',서초구
242,'반포그린주유소','서울 서초구 서초중앙로 239 (반포동)','GSC','1695','1946','Y','Y','','N','N','N',서초구
243,'서초꽃마을주유소','서울 서초구 반포대로 69 (서초동)','GSC','1695','1925','Y','N','','N','N','N',서초구
244,'지에스칼텍스(주)선천주유소','서울 서초구 동작대로 206 (방배동)','GSC','1696','1913','N','Y','','N','N','N',서초구
245,'대성석유(주)연일주유소','서울 서초구 남부순환로 2451','GSC','1696','1918','N','Y','','N','Y','N',서초구
246,'대성산업(주)직영 터미널(고속)주유소','서울 서초구 신반포로 222 (반포동)','GSC','1698','1946','N','Y','','N','N','Y',서초구
247,'에쓰오일(주)직영 오토테크주유소','서울특별시 서초구  효령로 356 (서초동)','SOL','1709','1939','Y','Y','','Y','N','N',서초구
248,'현대오일뱅크(주)직영 팔레스주유소','서울 서초구 사평대로 136 (반포동)','HDO','1710','1889','N','N','','N','N','N',서초구
249,'현대오일뱅크(주)직영 서초제일주유소','서울 서초구 사임당로 116 (서초동)','HDO','1710','1919','N','Y','','N','N','N',서초구
250,'한독주유소','서울 서초구 방배로 218 (방배동)','GSC','1710','1889','Y','N','','N','N','N',서초구
251,'신반포주유소','서울 서초구 사평대로 94 (반포동)','SKE','1710','1857','Y','Y','','N','N','Y',서초구
252,'현대오일뱅크(주)직영 방배현대주유소','서울 서초구 동작대로 182 (방배동)','HDO','1717','1889','N','Y','','Y','N','N',서초구
253,'헌릉로주유소','서울 서초구 헌릉로 177 (내곡동)','SOL','1719','1889','Y','N','','N','N','N',서초구
254,'태봉셀프주유소','서울 서초구 태봉로 117 (우면동)','SKE','1729','1907','Y','Y','','Y','N','N',서초구
255,'말죽거리주유소','서울 서초구 남부순환로 2650 (양재동)','GSC','1736','1896','N','N','','N','N','N',서초구
256,'대신석유(주)대우주유소','서울 서초구 양재대로 173 (양재동)','SKE','1749','1927','Y','Y','','N','Y','Y',서초구
257,'양재주유소','서울 서초구 바우뫼로 178','SKE','1750','1898','N','Y','','N','N','Y',서초구
258,'현대오일뱅크㈜직영 양재현대주유소','서울 서초구 마방로 6','HDO','1750','1898','N','Y','','N','N','N',서초구
259,'지에스칼텍스(주)남서울주유소','서울 서초구 나루터로 83 (잠원동)','GSC','1794','1956','N','Y','','N','Y','Y',서초구
260,'(주)홈런주유소','서울 서초구 양재대로2길 100-30 (우면동)','SOL','1798','1998','Y','Y','','N','N','Y',서초구
261,'방배동주유소','서울 서초구 효령로 29 (방배동)','SKE','1893','1991','N','Y','','N','N','N',서초구
262,'대신석유㈜서원주유소','서울 서초구 반포대로 142 (서초동)','SKE','2098','2218','N','Y','','N','N','N',서초구
263,'(주)선문에너지 중앙주유소','서울특별시 서초구  바우뫼로 219 (양재1동)','SOL','2289','2388','N','Y','','N','N','N',서초구
264,'양재최고주유소','서울 서초구 매헌로 72 (양재동)','SOL','2395','2395','N','Y','','N','N','N',서초구
265,'정호주유소','서울 성동구 고산자로 307 (마장동)','ETC','1615','1865','N','N','','N','N','N',성동구
266,'KLP제2주유소','서울 성동구 동일로 249 (송정동)','HDO','1624','1889','Y','N','','N','N','N',성동구
267,'(주)서울에너지 직영','서울 성동구 천호대로 324 (용답동)','SOL','1635','1827','Y','Y','','N','N','Y',성동구
268,'현대오일뱅크㈜직영 효진주유소','서울 성동구 동일로 129','HDO','1639','1839','N','Y','','N','N','N',성동구
269,'현대오일뱅크(주) 성동셀프주유소','서울 성동구 마장로 311 (마장동)','HDO','1659','1829','Y','Y','','N','N','N',성동구
270,'SK에너지(주) 군자동주유소','서울 성동구 천호대로 446 (용답동)','SKE','1669','1869','N','Y','','N','N','Y',성동구
271,'아이콘주유소','서울 성동구 고산자로 273 (도선동)','SOL','1678','1868','N','Y','','N','N','Y',성동구
272,'지에스칼텍스㈜ 도루코주유소','서울 성동구 아차산로 180','GSC','1683','1890','Y','Y','','Y','N','Y',성동구
273,'삼우주유소','서울 성동구 천호대로 392','SKE','1698','1883','N','Y','','N','N','N',성동구
274,'SK KH에너지 성수만세주유소','서울 성동구 왕십리로 109','SKE','1788','1978','Y','Y','','Y','Y','N',성동구
275,'SK에너지(주) 성수주유소','서울 성동구 뚝섬로 352 (성수동1가)','SKE','1789','1978','N','Y','','N','N','N',성동구
276,'SK세원2주유소','서울 성동구 광나루로 184 (성수동1가)','SKE','1805','1980','N','Y','','Y','N','N',성동구
277,'금호주유소','서울 성동구 금호로 39 (금호동4가)','GSC','1896','2043','N','N','','N','N','N',성동구
278,'동일주유소','서울 성동구 광나루로 254 (성수동2가)','HDO','1993','2165','N','Y','','N','N','N',성동구
279,'청계로주유소','서울 성동구 청계천로 454 (하왕십리동)','SKE','2098','2197','N','Y','','N','N','N',성동구
280,'(주)옥수하이웨이스테이션','서울 성동구 독서당로 168 (옥수동)','GSC','2148','2298','N','N','','N','N','N',성동구
281,'원천주유소','서울 성북구 돌곶이로 142 (장위동)','RTO','1623','1813','N','N','','N','N','N',성북구
282,'이케이에너지㈜ 강산주유소','서울 성북구 보문로 27 (보문동7가)','GSC','1625','1815','Y','Y','','N','N','Y',성북구
283,'이케이에너지(주) 강산제2주유소','서울 성북구 보국문로 52','HDO','1625','1815','Y','Y','','N','N','N',성북구
284,'(주)삼표에너지 정릉주유소','서울 성북구 보국문로 35 (정릉동)','GSC','1625','1815','Y','Y','','Y','N','N',성북구
285,'신동방주유소','서울 성북구 월계로 84 (장위동)','SOL','1634','1835','Y','N','','N','N','N',성북구
286,'SK에너지(주) 드림랜드주유소','서울 성북구 월계로 128 (장위동)','SKE','1634','1844','N','N','','N','N','N',성북구
287,'지에스칼텍스(주) 종암주유소','서울 성북구 종암로 145 (종암동)','GSC','1635','1830','Y','Y','','N','N','Y',성북구
288,'중앙에너비스 종암지점','서울 성북구 종암로 58','SKE','1635','1825','Y','Y','','N','N','Y',성북구
289,'㈜명연에너지 효성주유소','서울 성북구 화랑로 27','GSC','1635','1815','N','Y','','Y','N','Y',성북구
290,'현대오일뱅크㈜직영 장삼주유소','서울 성북구 한천로 612 (장위동)','HDO','1635','1825','Y','Y','','N','Y','N',성북구
291,'현대오일뱅크㈜직영 고대셀프주유소','서울 성북구 종암로 12 (종암동)','HDO','1635','1825','Y','Y','','N','N','N',성북구
292,'(주)성북주유소','서울 성북구 보문로 142','HDO','1635','1815','Y','Y','','N','N','N',성북구
293,'현대오일뱅크㈜직영 북악셀프주유소','서울 성북구 정릉로 218 (정릉동)','HDO','1637','1827','Y','Y','','N','N','N',성북구
294,'(주)신용 구도일주유소화랑로','서울 성북구 화랑로 174','SOL','1653','1833','Y','Y','','Y','N','N',성북구
295,'장위주유소','서울 성북구 화랑로 110 (하월곡동)','SOL','1655','1845','Y','Y','','N','N','Y',성북구
296,'우리주유소','서울 성북구 화랑로 292','SKE','1655','1845','Y','Y','','Y','N','Y',성북구
297,'현대오일뱅크㈜직영 아리랑주유소','서울 성북구 아리랑로 96 (정릉동)','HDO','1657','1847','N','Y','','N','N','Y',성북구
298,'재정제2주유소 길음지점','서울 성북구 삼양로 78 (길음동)','HDO','1659','1839','N','N','','N','N','N',성북구
299,'신방주유소','서울 성북구 안암로 111 (안암동5가)','SOL','1669','1859','N','N','','N','N','N',성북구
300,'동일주유소','서울특별시 성북구  보문로 85 (보문동5가)','SOL','1675','1865','Y','Y','','N','N','Y',성북구
301,'삼선주유소','서울 성북구 창경궁로 324','SOL','1697','1875','Y','Y','','N','N','N',성북구
302,'지에스칼텍스㈜ 세창주유소','서울 성북구 동소문로 323','GSC','1701','1909','Y','N','','N','N','N',성북구
303,'지에스칼텍스㈜ 화랑주유소','서울 성북구 화랑로 185','GSC','1703','1907','N','N','','N','N','N',성북구
304,'위례드림주유소','서울시 송파구  위례중앙로 10','SOL','1633','1804','Y','Y','','N','N','Y',송파구
305,'위례제일주유소','서울 송파구 위례서로 260','SOL','1653','1853','Y','Y','','N','N','N',송파구
306,'남성대주유소','서울 송파구 송파대로 52 (장지동)','SKE','1673','1853','Y','Y','','Y','N','Y',송파구
307,'상아주유소','서울 송파구 거마로 82','SOL','1673','1853','Y','Y','','N','N','N',송파구
308,'현대오일뱅크㈜직영 잠실셀프주유소','서울 송파구 송파대로 397 (석촌동)','HDO','1675','1859','Y','N','','N','N','Y',송파구
309,'삼화주유소','서울 송파구 백제고분로 125','GSC','1675','1860','Y','N','','N','N','Y',송파구
310,'(주)삼표에너지 아시아주유소','서울 송파구 도곡로 438 (잠실동)','GSC','1675','1860','Y','Y','','N','N','N',송파구
311,'지에스이앤알 직영 송파제일주유소','서울 송파구 삼학사로 50 (석촌동)','HDO','1675','1859','Y','Y','','Y','N','Y',송파구
312,'삼전셀프주유소','서울 송파구 백제고분로 199','SKE','1675','1878','Y','Y','','N','N','Y',송파구
313,'완불주유소','서울 송파구 송파대로 3 (장지동)','SKE','1675','1862','Y','Y','','N','N','Y',송파구
314,'한강에너지(주)퍼스트주유소','서울 송파구 삼학사로 22 (석촌동)','SKE','1677','1860','Y','Y','','Y','N','N',송파구
315,'방이주유소','서울 송파구 위례성대로12길 38 (방이동)','SKE','1678','1878','N','Y','','Y','N','N',송파구
316,'(주)뉴명성산업 남성주유소','서울 송파구 백제고분로 474 (방이동)','HDO','1678','1889','N','Y','','N','N','N',송파구
317,'백제고분로주유소','서울 송파구 오금로 143 (방이동)','SKE','1678','1878','Y','Y','','Y','Y','Y',송파구
318,'(주)잠실에너지','서울 송파구 송파대로 442 (송파동)','SOL','1678','1879','Y','Y','','Y','N','Y',송파구
319,'제트라인DM주유소','서울 송파구 중대로 183 (가락동)','HDO','1688','1869','N','N','','Y','N','N',송파구
320,'(주)신화에너지 서울지점','서울 송파구 가락로 47 (석촌동)','SKE','1688','1879','Y','Y','','Y','N','Y',송파구
321,'대성주유소','서울 송파구 마천로 230 (마천동)','SKE','1688','1868','N','Y','','N','N','N',송파구
322,'(주)삼표에너지 우리주유소','서울 송파구 동남로 153','GSC','1695','1855','N','Y','','N','N','N',송파구
323,'(주)삼표에너지 훼미리주유소','서울 송파구 중대로 58 (문정동)','GSC','1697','1878','N','Y','','N','N','N',송파구
324,'송파주유소','서울 송파구 송이로 28 (송파동)','GSC','1697','1889','Y','N','','Y','N','N',송파구
325,'현대오일뱅크㈜직영 올림픽셀프주유소','서울 송파구 위례성대로 188 (오금동)','HDO','1698','1868','Y','Y','','Y','Y','Y',송파구
326,'(주)정직한주유소','서울 송파구 오금로 455 (거여동)','HDO','1698','1878','Y','Y','','N','N','N',송파구
327,'현대오일뱅크㈜직영 서원주유소','서울 송파구 중대로 154 (가락동)','HDO','1698','1868','N','Y','','N','N','N',송파구
328,'(주)유진주유소','서울 송파구 동남로 325 (오금동)','SKE','1698','1878','N','Y','','N','N','N',송파구
329,'지에스칼텍스(주)스마트위례주유소','서울 송파구 위례중앙로 43 (장지동)','GSC','1703','1934','Y','Y','','N','N','N',송파구
330,'지에스칼텍스(주)가든파이브주유소','서울 송파구 탄천동로 740','GSC','1703','1934','Y','Y','','N','Y','Y',송파구
331,'대성석유(주)석촌주유소','서울 송파구 백제고분로 289','GSC','1718','1915','N','N','','Y','N','N',송파구
332,'(주)퍼스트오일서울주유소','서울 송파구 문정로 153','SOL','1758','1890','N','N','','N','N','N',송파구
333,'대신석유(주)진양주유소','서울 송파구 올림픽로 499 (풍납동)','SKE','1998','2118','N','Y','','N','N','N',송파구
334,'현대주유소','서울 양천구 남부순환로 372 (신월동)','SOL','1577','1819','Y','Y','','N','N','N',양천구
335,'양천구주유소','서울 양천구 국회대로 275 (목동)','RTO','1594','1825','Y','Y','','Y','N','Y',양천구
336,'형산석유(주)원주유소','서울 양천구 남부순환로 408','HDO','1594','1839','N','Y','','Y','N','Y',양천구
337,'개나리Self주유소','서울 양천구 남부순환로 442 (신월동)','SKE','1599','1854','Y','Y','','Y','N','N',양천구
338,'현대오일뱅크(주)직영 양정주유소','서울 양천구 국회대로 158 (신정동)','HDO','1599','1814','N','N','','N','N','N',양천구
339,'(주)타이거오일 신정주유소','서울 양천구 중앙로 226 (신정동)','SKE','1609','1849','Y','N','','N','N','N',양천구
340,'신월주유소','서울 양천구 신월로 193 (신월동)','GSC','1619','1869','Y','N','','N','N','N',양천구
341,'지에스칼텍스㈜ 서호주유소','서울 양천구 남부순환로 317','GSC','1620','1831','Y','Y','','Y','N','Y',양천구
342,'SK에너지(주) 경인주유소','서울 양천구 국회대로 170 (신정동)','SKE','1636','1829','Y','Y','','N','N','N',양천구
343,'신정동주유소','서울 양천구 안양천로 663 (신정동)','HDO','1637','1857','Y','Y','','N','Y','N',양천구
344,'현대오일뱅크(주)직영 양천셀프주유소','서울 양천구 목동로 17','HDO','1639','1824','Y','Y','','N','N','N',양천구
345,'삼미상사(주)신월IC셀프주유소','서울 양천구 중앙로 331 (신월동)','SKE','1639','1869','Y','N','','Y','N','N',양천구
346,'가로공원주유소','서울 양천구 가로공원로 165 (신월동)','SKE','1639','1869','N','Y','','N','N','Y',양천구
347,'SK에너지(주) 신평','서울 양천구 목동남로 62','SKE','1644','1849','N','Y','','Y','N','N',양천구
348,'지에스이앤알 직영 서울주유소','서울 양천구 신정로 236 (신정동)','GSC','1659','1859','N','Y','','N','N','N',양천구
349,'현대오일뱅크㈜직영 목동셀프주유소','서울 양천구 공항대로 648 (목동)','HDO','1677','1865','Y','N','','N','N','N',양천구
350,'현대오일뱅크(주)직영 신목동셀프주유소','서울 양천구 목동동로10길 13','HDO','1679','1855','Y','Y','','Y','N','N',양천구
351,'현대오일뱅크(주)직영 양천현대셀프주유소','서울 양천구 안양천로 1179 (목동)','HDO','1682','1865','Y','Y','','Y','Y','Y',양천구
352,'목동주유소','서울 양천구 목동중앙로 125 (목동)','SKE','1687','1872','Y','Y','','N','N','N',양천구
353,'(주)삼표에너지 목동주유소','서울 양천구 목동서로 129 (목동)','GSC','1687','1872','Y','Y','','N','N','N',양천구
354,'지에스칼텍스㈜ 건지주유소','서울 양천구 안양천로 1171 (목동)','GSC','1687','1872','Y','Y','','N','N','N',양천구
355,'(주)서부트럭터미날','서울 양천구 신정로 167 (신정동)','HDO','1689','1899','N','Y','','N','N','Y',양천구
356,'신양주유소','서울 양천구 지양로 67','SKE','1799','1949','N','Y','','N','N','N',양천구
357,'영등포제일셀프주유소','서울 영등포구 가마산로 379','HDO','1595','1817','Y','Y','','Y','N','N',영등포구
358,'(주)대청에너지 대청주유소','서울 영등포구 가마산로 328 (대림동)','GSC','1595','1817','Y','Y','','Y','N','Y',영등포구
359,'도림주유소','서울 영등포구 도림로 343 (도림동)','RTO','1595','1827','Y','N','','Y','N','N',영등포구
360,'(주)MS에너지','서울 영등포구 대림로 230','HDO','1595','1827','N','Y','','N','N','N',영등포구
361,'성락주유소','서울 영등포구 가마산로 414 (신길동)','SOL','1595','1817','Y','Y','','N','N','N',영등포구
362,'남서울고속주유소','서울 영등포구 가마산로 367 (대림동)','SKE','1595','1817','Y','Y','','N','N','N',영등포구
363,'(주)강서오일','서울 영등포구 도신로 151','HDO','1609','1809','N','N','','N','N','Y',영등포구
364,'행촌주유소','서울 영등포구 도신로 130 (신길동)','SKE','1609','1809','Y','Y','','N','Y','Y',영등포구
365,'매봉주유소','서울 영등포구 도신로 248 (신길동)','HDO','1619','1869','Y','Y','','Y','N','N',영등포구
366,'한경석유(주)경덕주유소','서울 영등포구 여의대방로23길 2 (신길동)','SKE','1619','1838','Y','Y','','N','N','N',영등포구
367,'현대오일뱅크㈜직영 대일셀프주유소','서울 영등포구 영등포로 168','HDO','1622','1847','Y','N','','N','N','N',영등포구
368,'지에스칼텍스㈜ 신길주유소','서울 영등포구 신길로 74 (신길동)','GSC','1622','1832','Y','Y','','N','N','Y',영등포구
369,'영등포현대셀프주유소','서울 영등포구 경인로 822 (영등포동)','HDO','1627','1827','Y','N','','N','Y','N',영등포구
370,'㈜지에스이앤알 모드니주유소','서울 영등포구 경인로 789','GSC','1629','1856','N','Y','','N','N','N',영등포구
371,'(주)지에스이앤알 보라주유소','서울 영등포구 영등포로 399 (신길동)','GSC','1629','1856','N','Y','','N','N','N',영등포구
372,'SK에너지(주) 신길동주유소','서울 영등포구 영등포로 348 (신길동)','SKE','1649','1859','N','Y','','N','N','N',영등포구
373,'SK에너지(주) 양평주유소','서울 영등포구 선유로 195 (양평동3가)','SKE','1659','1859','Y','Y','','N','N','Y',영등포구
374,'(주)한미석유 제2한강주유소','서울 영등포구 선유로 260 (양평동4가)','GSC','1659','1859','Y','Y','','N','N','N',영등포구
375,'씨앤에스유통 한성주유소','서울 영등포구 여의대방로 227','SOL','1668','1898','N','N','','N','N','N',영등포구
376,'선유도주유소','서울 영등포구 양평로 141 (양평동5가)','SOL','1674','1865','Y','Y','','N','N','N',영등포구
377,'SK에너지(주) 기린주유소','서울 영등포구 선유로 270','SKE','1679','1889','Y','Y','','N','Y','Y',영등포구
378,'지에스칼텍스㈜ 화일주유소','서울 영등포구 도림로 415','GSC','1703','1911','Y','N','','N','N','N',영등포구
379,'성원이앤에스(주)영등포지점','서울 영등포구 국회대로52길 9-13 (영등포동7가)','GSC','2038','2158','N','N','','N','N','N',영등포구
380,'버드나룻길주유소','서울 영등포구 버드나루로 111 (당산동)','SKE','2090','2240','N','Y','','N','N','N',영등포구
381,'현대오일뱅크(주)직영 국회대로주유소','서울 영등포구 국회대로 746 (여의도동)','HDO','2099','2319','N','Y','','N','N','N',영등포구
382,'KH여의도주유소','서울 영등포구 국회대로 794 (여의도동)','SKE','2145','2394','N','Y','','N','N','N',영등포구
383,'SJ오일(주) 여의도주유소','서울 영등포구 은행로 64','GSC','2199','2360','N','Y','','N','Y','Y',영등포구
384,'현대오일뱅크㈜직영 강변현대주유소','서울 용산구 원효로 9 (청암동)','HDO','1852','1913','N','Y','','Y','N','N',용산구
385,'현대오일뱅크㈜직영 한남동주유소','서울 용산구 한남대로 204 (한남동)','HDO','1877','1889','N','Y','','Y','N','N',용산구
386,'동자동주유소','서울 용산구 한강대로104길 6 (동자동)','SKE','1910','1960','N','Y','','N','N','N',용산구
387,'현대오일뱅크(주)갈월동주유소','서울특별시 용산구  한강대로 322 (남영동)','HDO','1911','1959','N','Y','','Y','N','N',용산구
388,'현대오일뱅크(주)직영 소월길주유소','서울 용산구 소월로 66 (후암동)','HDO','1911','1939','N','Y','','N','N','N',용산구
389,'(주)신태성주유소','서울 용산구 원효로 147 (원효로3가)','SKE','2068','2360','N','Y','','N','N','N',용산구
390,'(주)영원 풍기주유소','서울 용산구 원효로 178 (원효로2가)','GSC','2098','2179','N','N','','N','N','N',용산구
391,'(주)남경주유소','서울 용산구 녹사평대로11길 24','SKE','2110','2469','N','Y','','Y','N','Y',용산구
392,'한석주유소','서울 용산구 이촌로 164','SKE','2179','2622','N','Y','','N','N','Y',용산구
393,'한남지점','서울 용산구 한남대로21길 4 (한남동)','SKE','2297','2397','N','N','','N','N','N',용산구
394,'에너비스','서울 용산구 한남대로 82 (한남동)','SKE','2297','2397','N','Y','','N','N','N',용산구
395,'서계주유소','서울 용산구  청파로 367 (청파동)','GSC','2629','2979','N','Y','','N','N','N',용산구
396,'타이거주유소','서울 은평구 수색로 188 (증산동)','SKE','1634','1834','Y','Y','','N','N','Y',은평구
397,'대성산업㈜ 대성주유소','서울 은평구 통일로 642','GSC','1649','1879','Y','Y','','N','N','Y',은평구
398,'다회주유소','서울 은평구 증산로 441 (신사동)','SOL','1654','1854','Y','N','','N','N','N',은평구
399,'현대오일뱅크㈜직영 은평드림주유소','서울 은평구 통일로 1151 (진관동)','HDO','1657','1832','N','Y','','N','N','N',은평구
400,'불광주유소','서울 은평구 연서로 314 (불광동)','HDO','1657','1842','Y','Y','','N','N','N',은평구
401,'지에스칼텍스(주)수색뉴타운주유소','서울 은평구 수색로 350 (수색동)','GSC','1665','1834','Y','Y','','N','N','N',은평구
402,'지에스칼텍스㈜ 서부주유소','서울 은평구 응암로 210 (응암동)','GSC','1669','1859','Y','Y','','Y','N','Y',은평구
403,'지에스칼텍스㈜ 신사제일주유소','서울 은평구 증산로 423 (신사동)','GSC','1669','1859','Y','Y','','N','N','Y',은평구
404,'지에스칼텍스㈜ 녹번주유소','서울 은평구 통일로 600 (녹번동)','GSC','1669','1859','Y','Y','','N','N','N',은평구
405,'(주)명연에너지 수색훼미리주유소','서울 은평구 수색로 236 (수색동)','HDO','1674','1830','Y','Y','','N','N','N',은평구
406,'성원이앤에스(주)은평지점','서울 은평구 통일로 968 (진관동)','GSC','1695','1855','Y','Y','','N','N','N',은평구
407,'은평뉴타운주유소','서울 은평구 통일로 924 (불광동)','SKE','1695','1855','Y','Y','','Y','N','N',은평구
408,'뉴타운셀프주유소','서울 은평구 통일로 1031','SOL','1695','1875','Y','N','','N','N','N',은평구
409,'박석고개주유소','서울 은평구 통일로 945 (갈현동)','SKE','1695','1855','Y','Y','','N','N','Y',은평구
410,'제이제이에너지','서울 은평구 응암로 163','SKE','1697','1887','Y','N','','N','N','N',은평구
411,'코끼리주유소','서울 은평구 서오릉로 41 (녹번동)','ETC','1698','1938','N','Y','','N','N','N',은평구
412,'안풍주유소','서울 종로구 자하문로 303','SOL','1799','1999','N','Y','','N','N','N',종로구
413,'㈜지에스이앤알 평창주유소','서울 종로구 평창문화로 135 (평창동)','HDO','1799','2039','N','Y','','N','N','N',종로구
414,'자하문주유소','서울 종로구 자하문로 248 (부암동)','SKE','1799','1999','Y','Y','','N','N','N',종로구
415,'구도일주유소특종','서울 종로구 평창문화로 90 (평창동)','SOL','1830','2050','N','Y','','N','N','N',종로구
416,'SK북악주유소','서울 종로구 평창문화로 137','SKE','2198','2348','N','Y','','N','N','N',종로구
417,'경복궁주유소','서울 종로구 율곡로 6 (중학동)','GSC','2280','2360','N','N','','N','N','N',종로구
418,'(주)대양씨앤씨 사직주유소','서울 종로구 사직로 65 (사직동)','GSC','2290','2395','N','N','','N','N','N',종로구
419,'(주)중앙에너비스 혜화주유소','서울 종로구 창경궁로35길 1','SKE','2297','2397','N','N','','N','N','Y',종로구
420,'다산주유소','서울 중구 다산로 233','SOL','1699','1839','Y','N','','N','N','N',중구
421,'장충드림주유소','서울 중구 동호로 296','SOL','1735','1895','Y','Y','','N','N','N',중구
422,'세화주유소','서울 중구 왕십리로 403','RTO','1768','1898','N','Y','','Y','N','Y',중구
423,'현대오일뱅크 장원주유소','서울 중구 동호로 203 (신당동)','HDO','1833','1998','N','N','','N','N','N',중구
424,'SK에너지(주) 퇴계로주유소','서울 중구 퇴계로 228 (필동2가)','SKE','1850','2111','N','N','','N','N','N',중구
425,'장충주유소','서울 중구 장충단로 202 (장충동1가)','SKE','2048','2168','N','Y','','N','N','Y',중구
426,'신당동주유소','서울 중구 다산로 242 (신당동)','SKE','2098','2398','N','Y','','N','N','Y',중구
427,'약수주유소','서울 중구 다산로 173','GSC','2197','2448','N','Y','','Y','N','Y',중구
428,'필동주유소','서울 중구 퇴계로 196 (필동2가)','GSC','2429','2669','N','N','','N','N','Y',중구
429,'서남주유소','서울 중구 통일로 30','SKE','2635','2991','N','Y','','N','N','Y',중구
430,'대양주유소','서울 중랑구 봉우재로 105 (상봉동)','GSC','1624','1845','Y','Y','','N','N','N',중랑구
431,'대원주유소','서울 중랑구 동일로 600','GSC','1624','1845','Y','Y','','N','N','N',중랑구
432,'우림주유소','서울특별시 중랑구  용마산로 487 (망우제3동)','GSC','1625','1845','Y','Y','','N','N','N',중랑구
433,'(주)자연에너지 대창주유소','서울 중랑구 동일로 636 (면목동)','HDO','1627','1797','N','N','','N','N','N',중랑구
434,'오천만주유소','서울 중랑구 동일로 547 (면목동)','SOL','1627','1797','Y','Y','','N','N','N',중랑구
435,'구도일주유소 동천','서울 중랑구 동일로 654 (면목동)','SOL','1627','1817','Y','Y','','N','N','N',중랑구
436,'면목SELF주유소','서울 중랑구 동일로 627 (면목동)','SKE','1627','1817','Y','Y','','Y','N','N',중랑구
437,'(주)태영 구도일주유소 한인','서울 중랑구 망우로 170 (상봉동)','SOL','1637','1847','Y','Y','','Y','N','N',중랑구
438,'(주)기지에너지','서울 중랑구 용마산로 716 (신내동)','SOL','1645','1845','N','N','','N','N','N',중랑구
439,'신내주유소','서울 중랑구 용마산로 705 (신내동)','SKE','1658','1849','Y','Y','','N','N','N',중랑구
440,'범아주유소','서울 중랑구 동일로 881 (묵동)','SOL','1669','1869','N','Y','','Y','N','N',중랑구
441,'신일셀프주유소','서울 중랑구 상봉로 58 (망우동)','SKE','1698','1899','Y','Y','','Y','N','Y',중랑구
442,'용마로주유소','서울 중랑구 용마산로 309 (면목동)','SKE','1698','1858','Y','Y','','N','N','N',중랑구
