index,Name,Address,Brand,Gasoline_P,Diesel_P,SELF_YN,CWASH_YN,LPG_YN,MAINT_YN,CVS_YN,SEL24_YN,Area,Lat,Lng
0,(주)보성 세곡주유소,서울 강남구  헌릉로 731 (세곡동),SKE,1663,1839,Y,Y,N,N,N,N,강남구,37.4672103,127.1187128
1,현대오일뱅크(주)직영 산성셀프주유소,서울 강남구 헌릉로 730,HDO,1689,1879,Y,Y,N,N,N,N,강남구,37.4664775,127.1190391
2,방죽주유소,서울 강남구 밤고개로 215 (율현동),GSC,1697,1929,Y,Y,N,N,N,N,강남구,37.4749397,127.1068516
3,현대오일뱅크 도곡셀프주유소,서울 강남구  남부순환로 2718 (도곡2동),HDO,1715,1903,Y,Y,N,Y,N,N,강남구,37.4824625,127.0430492
4,오일프러스 셀프,서울 강남구 남부순환로 2651 (도곡동),SKE,1716,1888,Y,Y,N,Y,N,Y,강남구,37.4858004,127.0396751
5,자곡셀프주유소,서울 강남구 밤고개로 120 (자곡동),SKE,1727,1932,Y,Y,N,N,N,N,강남구,37.4835321,127.1039802
6,대교주유소,서울 강남구 강남대로 640 (신사동),SKE,1730,1910,Y,N,N,N,N,N,강남구,37.5280898,127.0355331
7,현대오일뱅크(주) 유진주유소,서울 강남구 논현로 152 (도곡동),HDO,1730,1888,N,Y,N,Y,N,N,강남구,37.4873906,127.0399951
8,일원주유소,서울 강남구 양재대로55길 3 (일원동),SOL,1747,1999,Y,N,N,N,N,N,강남구,37.4922459,127.0881366
9,(주)중앙에너비스 수서지점,서울 강남구 광평로 202 (수서동),SKE,1747,1947,Y,Y,N,N,N,N,강남구,37.4839933,127.0949776
10,SK에너지㈜ 진달래주유소,서울 강남구 도곡로 208,SKE,1769,1939,N,Y,N,N,N,N,강남구,37.4922037,127.0419554
11,SK서광주유소,서울 강남구 역삼로 142,SKE,1775,1880,Y,Y,N,N,N,Y,강남구,37.4943462,127.0350659
12,(주)선진도곡주유소,서울 강남구 도곡로 162 (도곡동),SOL,1779,1969,N,Y,N,Y,N,N,강남구,37.4877835,127.0466763
13,SK에너지(주) 매봉주유소,서울 강남구 언주로 307,SKE,1779,1999,Y,Y,N,Y,N,N,강남구,37.4948481,127.0458254
14,지에스칼텍스㈜에너지플러스허브GS타워,서울 강남구 논현로 516 (역삼동),GSC,1784,1978,N,N,N,Y,N,Y,강남구,37.5026952,127.036474
15,대동석유 압구정주유소,서울 강남구 언주로 842 (신사동),SKE,1797,1977,Y,Y,N,N,N,Y,강남구,37.5226879,127.0252724
16,(유)동하석유 힐탑셀프주유소,서울 강남구 논현로 640,SKE,1797,1997,Y,Y,N,N,N,Y,강남구,37.5106775,127.0327236
17,에스제이에너지산업(주) 개포주유소,서울 강남구 양재대로 339,GSC,1798,2098,N,Y,N,N,N,N,강남구,37.4723322,127.0517033
18,에쓰-오일㈜직영 개나리주유소,서울 강남구 언주로 423 (역삼동),SOL,1829,2029,N,Y,N,N,N,Y,강남구,37.4999072,127.0373932
19,현대오일뱅크(주)직영 신사현대주유소,서울 강남구 도산대로 163 (신사동),HDO,1898,2014,N,Y,N,N,N,N,강남구,37.5194704,127.0263136
20,삼성동주유소,서울 강남구 테헤란로 619 (삼성동),HDO,1909,2029,Y,Y,N,N,N,N,강남구,37.5098777,127.0651015
21,지에스칼텍스㈜ 은마주유소,서울 강남구 영동대로 235,GSC,1912,2054,N,Y,N,Y,N,Y,강남구,37.5000267,127.0671775
22,현대오일뱅크(주)직영 한양주유소,서울 강남구 압구정로 302 (신사동),HDO,1947,1994,N,Y,N,N,N,N,강남구,37.5287714,127.0341463
23,대성석유(주)동호주유소,서울 강남구 봉은사로113길 51,GSC,1979,2122,N,N,N,N,N,N,강남구,37.5184855,127.0646604
24,(주)소모에너지 쎈트럴주유소,서울 강남구 삼성로 335,GSC,1998,2104,N,Y,N,N,N,N,강남구,37.5014022,127.059066
25,지에스칼텍스㈜ 삼성로주유소,서울 강남구 삼성로 563 (삼성동),GSC,1998,2104,Y,Y,N,N,N,Y,강남구,37.5079601,127.0542139
26,지에스칼텍스(주)학여울주유소,서울 강남구 남부순환로 3170 (일원2동),GSC,2044,2197,N,Y,N,N,N,N,강남구,37.4983776,127.0774759
27,명품주유소,서울 강남구 도곡로 249 (역삼동),SOL,2197,2279,N,Y,N,N,N,Y,강남구,37.494102,127.045482
28,㈜새서울석유 새서울주유소,서울 강남구 압구정로 154,HDO,2198,2289,N,Y,N,N,N,Y,강남구,37.5257812,127.0265166
29,대청주유소,서울 강남구 개포로 654 (일원동),SKE,2226,2279,N,Y,N,N,N,N,강남구,37.494874,127.0842726
30,(주)새서울네트웍스 제이제이주유소,서울 강남구 언주로 716,HDO,2248,2437,N,Y,N,N,N,Y,강남구,37.51763589999999,127.0357559
31,SK논현주유소,서울 강남구 논현로 747 (논현동),SKE,2345,2375,N,Y,N,Y,N,Y,강남구,37.5184942,127.0282324
32,갤러리아주유소,서울 강남구 압구정로 426,SKE,2357,2377,N,Y,N,N,N,N,강남구,37.5266815,127.0435149
33,(주)만정에너지 삼보주유소,서울 강남구 봉은사로 433 (삼성동),GSC,2598,2590,N,Y,N,N,N,N,강남구,37.51151340000001,127.0470928
34,재건에너지 재정제2주유소 고속셀프지점,서울특별시 강동구  천호대로 1246 (둔촌제2동),HDO,1669,1849,Y,Y,N,N,N,N,강동구,37.5364637,127.149316
35,현대오일뱅크㈜직영 명일셀프주유소,서울 강동구 고덕로 168 (명일동),HDO,1674,1866,Y,N,N,N,N,N,강동구,37.5544523,127.1439562
36,구천면주유소,서울 강동구 구천면로 357 (암사동),HDO,1684,1865,N,N,N,N,N,N,강동구,37.5504208,127.1382328
37,방아다리주유소,서울 강동구 동남로 811 (명일동),SKE,1695,1895,Y,Y,N,N,N,N,강동구,37.5502209,127.1500409
38,(주)소모에너지 신월셀프주유소,서울 강동구 양재대로 1323 (성내동),GSC,1695,1868,Y,Y,N,N,N,N,강동구,37.5302922,127.1287651
39,(주)삼표에너지 고덕주유소,서울 강동구 고덕로 39 (암사동),GSC,1699,1899,Y,Y,N,N,Y,N,강동구,37.5549868,127.1296896
40,대성석유(주)길동주유소,서울 강동구 천호대로 1168,GSC,1716,1919,N,Y,N,N,N,N,강동구,37.5333771,127.1411626
41,sk해뜨는주유소,서울 강동구  상일로 132 (강일동),SKE,1755,1929,Y,Y,N,Y,N,N,강동구,37.558717,127.1713785
42,지에스칼텍스㈜ 동서울주유소,서울 강동구 천호대로 1456 (상일동),GSC,1758,1998,Y,Y,N,N,N,N,강동구,37.5452101,127.1702029
43,(주)퍼스트오일 코알라주유소,서울특별시 강동구  올림픽로 556 (성내동),SOL,1778,1928,Y,Y,N,N,N,N,강동구,37.5293901,127.122427
44,주)지유에너지직영 오렌지주유소,서울 강동구 성안로 102 (성내동),SKE,1796,1896,N,Y,N,Y,N,N,강동구,37.53226420000001,127.1331353
45,(주)소모에너지 성내주유소,서울 강동구 올림픽로 578 (성내동),GSC,1798,1928,Y,Y,N,Y,N,N,강동구,37.531341,127.1273089
46,천호현대주유소,서울 강동구 천중로 67 (천호동),HDO,1848,2051,N,Y,N,Y,N,N,강동구,37.5451051,127.129457
47,광성주유소,서울 강동구 올림픽로 673 (천호동),SOL,1978,2108,N,Y,N,Y,N,Y,강동구,37.5415336,127.1241349
48,수유동주유소,서울 강북구 도봉로 395 (수유동),GSC,1615,1815,Y,Y,N,N,N,Y,강북구,37.6421401,127.0295678
49,SK에너지(주) 매일주유소,서울 강북구 삼양로 217 (미아동),SKE,1625,1855,Y,Y,N,N,Y,N,강북구,37.6302371,127.0227426
50,(주)석산에너지,서울 강북구 삼양로 316 (수유동),HDO,1625,1825,Y,N,N,N,N,N,강북구,37.6315821,127.0179395
51,(주)서울에너지 시민주유소,서울 강북구 인수봉로 185 (수유동),HDO,1625,1825,N,N,N,N,N,N,강북구,37.6361659,127.0127908
52,북서울고속주유소,서울 강북구 삼양로 410 (수유동),SKE,1625,1825,Y,N,N,N,N,Y,강북구,37.6401555,127.0172034
53,씨앤에스유통㈜ 미아셀프주유소,서울 강북구 도봉로 200 (미아동),SOL,1635,1835,Y,Y,N,N,N,N,강북구,37.6264851,127.0264373
54,덕릉로주유소,서울 강북구 덕릉로 158 (번동),SOL,1635,1835,Y,Y,N,N,N,N,강북구,37.6349074,127.0313001
55,현대오일뱅크(주)직영 번동셀프주유소,서울 강북구 한천로 963 (번동),HDO,1637,1857,Y,Y,N,Y,N,Y,강북구,37.63557230000001,127.0330499
56,대성석유(주)신광주유소,서울 강북구 삼양로 484,GSC,1665,1855,N,Y,N,Y,N,N,강북구,37.6463707,127.015347
57,세원주유소,서울 강북구 한천로 918 (번동),SKE,1668,1868,Y,Y,N,N,N,N,강북구,37.6342623,127.0376951
58,㈜지에스이앤알 미아주유소,서울 강북구 도봉로 122 (미아동),GSC,1669,1848,Y,Y,N,N,N,N,강북구,37.6265005,127.0279778
59,에덴주유소,서울 강북구 월계로 195 (번동),SKE,1689,1879,Y,Y,N,Y,N,N,강북구,37.62166819999999,127.045522
60,목화주유소,서울 강서구 국회대로 251 (화곡동),RTO,1574,1845,Y,Y,N,N,N,N,강서구,37.5300058,126.8629151
61,뉴신정주유소,서울 강서구 곰달래로 207 (화곡동),RTO,1574,1825,N,N,N,N,N,N,강서구,37.5315539,126.8560239
62,이케이에너지(주) 강서주유소,서울 강서구 화곡로 273 (화곡동),HDO,1574,1817,Y,Y,N,Y,N,N,강서구,37.5492376,126.8469515
63,화곡역주유소,서울 강서구 강서로 154 (화곡동),RTO,1574,1825,Y,N,N,N,N,Y,강서구,37.54065689999999,126.8415062
64,강서오곡셀프주유소,서울 강서구 벌말로 254 (오곡동),SKE,1585,1835,Y,Y,N,N,N,Y,강서구,37.5552839,126.7685674
65,유턴주유소,서울 강서구 남부순환로 57,RTO,1595,1859,Y,N,N,N,N,N,강서구,37.5571443,126.8100135
66,KH에너지(주)직영 KH외발산주유소,서울 강서구 방화대로 30,SKE,1597,1842,Y,Y,N,Y,Y,N,강서구,37.5646012,126.8169076
67,지에스칼텍스㈜ 경인고속주유소,서울 강서구 국회대로 225 (화곡동),GSC,1610,1854,Y,Y,N,Y,N,Y,강서구,37.5296048,126.8598234
68,방화주유소,서울 강서구 방화동로 58-2 (방화동),SKE,1613,1833,Y,N,N,N,N,N,강서구,37.5655711,126.8123867
69,행촌에너지 공항주유소,서울 강서구 개화동로 420 (개화동),HDO,1614,1834,Y,Y,N,Y,Y,Y,강서구,37.5703721,126.8030747
70,스카이주유소,서울 강서구 개화동로 457 (방화동),SOL,1645,1894,Y,Y,N,N,N,Y,강서구,37.57148189999999,126.8043676
71,개화주유소,서울 강서구 양천로 57,SKE,1647,1867,Y,Y,N,N,N,N,강서구,37.573448,126.810079
72,(주)한진 김포공항주유소,서울 강서구 하늘길 259,SOL,1659,1869,Y,Y,N,N,N,N,강서구,37.5509534,126.8147734
73,현대오일뱅크(주) 가양주유소,서울 강서구  양천로 391 (가양동),HDO,1659,1848,N,Y,N,N,N,N,강서구,37.5633113,126.83426
74,대성석유(주) 마곡대성주유소,서울 강서구 강서로 457,GSC,1666,1878,Y,N,N,N,N,N,강서구,37.5535944,126.8412653
75,오션네트웍스(주) 서울식물원지점,서울 강서구 양천로 300,SKE,1666,1878,Y,N,N,N,N,N,강서구,37.5642415,126.8426754
76,현대오일뱅크 등촌주유소,서울 강서구 등촌로 189 (등촌동),HDO,1666,1866,N,Y,N,N,N,N,강서구,37.5467865,126.8625346
77,화곡현대주유소,서울 강서구 강서로 151 (화곡동),SKE,1667,1886,Y,Y,N,N,N,Y,강서구,37.5401974,126.8411411
78,강서열린주유소,서울 강서구 등촌로 213 (등촌동),GSC,1668,1888,N,Y,N,N,N,N,강서구,37.5486873,126.8630523
79,신화곡주유소,서울 강서구 국회대로 71,SOL,1675,1895,Y,Y,N,N,N,N,강서구,37.5272351,126.8428769
80,우장산주유소,서울 강서구 강서로 292 (내발산동),SKE,1675,1895,Y,N,N,N,N,N,강서구,37.5546422,126.834636
81,대성석유(주) 관문주유소,서울 강서구 공항대로 314,GSC,1676,1898,N,Y,N,Y,N,N,강서구,37.5576509,126.8423965
82,하이웨이주유소,서울특별시 강서구 공항대로 432(화곡동),SOL,1677,1897,Y,Y,N,N,Y,Y,강서구,37.53811839999999,126.8471024
83,현대오일뱅크 양화교주유소,서울 강서구 공항대로 653,HDO,1682,1895,Y,Y,N,N,N,N,강서구,37.547366,126.8773233
84,대성석유(주)방화대성주유소,서울 강서구 양천로 176,GSC,1686,1898,Y,Y,N,N,Y,N,강서구,37.5642415,126.8426754
85,대성주유소,서울 강서구 강서로 472,GSC,1686,1898,N,Y,N,Y,N,N,강서구,37.5674836,126.8413671
86,KH에너지(주)직영 가양주유소,서울 강서구 강서로 498 (가양동),SKE,1686,1898,N,Y,N,Y,Y,Y,강서구,37.5698166,126.8419433
87,세원제1주유소,서울 강서구 양천로 311 (가양동),SKE,1690,1880,Y,Y,N,Y,N,N,강서구,37.567802,126.8363645
88,박물관주유소,서울 강서구 양천로53길 97 (가양동),GSC,1728,1928,N,Y,N,Y,Y,N,강서구,37.5670664,126.8485632
89,(주)한진 김포공항제2주유소,서울 강서구 하늘길 112,SOL,1730,1926,Y,N,N,N,N,N,강서구,37.555525,126.8067017
90,코리나(주)청룡주유소,서울 강서구 양천로 576,SKE,1768,1928,N,Y,N,N,N,N,강서구,37.5566932,126.86271
91,참솔에너지,서울 강서구 벌말로 281 (오곡동),SOL,1852,1997,Y,Y,N,N,N,Y,강서구,37.5552839,126.7685674
92,염창동주유소,서울 강서구 양천로 720 (염창동),SKE,1998,2098,N,Y,N,N,N,N,강서구,37.5490729,126.8757552
93,현대오일뱅크(주)직영 문성골주유소,서울 관악구 문성로 97 (신림동),HDO,1619,1854,N,Y,N,N,N,N,관악구,37.4777782,126.9143636
94,(주)엠오티이엔지 직영 삼화주유소,서울 관악구 보라매로 41,HDO,1639,1869,N,N,N,N,N,Y,관악구,37.4931625,126.9266808
95,(주)연우에너지 신관주유소,서울 관악구 신림로 290 (신림동),RTO,1639,1865,Y,Y,N,N,N,N,관악구,37.4803339,126.9306995
96,서일석유(주)락성주유소,서울 관악구 남부순환로 1920 (봉천동),GSC,1669,1879,Y,Y,N,Y,N,Y,관악구,37.4770721,126.9623326
97,현대오일뱅크(주)직영 관악셀프주유소,서울 관악구 남부순환로 1520 (신림동),HDO,1669,1869,Y,N,N,N,N,N,관악구,37.4824066,126.9194423
98,대양석유(주)직영 보라매주유소,서울 관악구  보라매로 26 (봉천동),SKE,1689,1869,Y,Y,N,N,N,N,관악구,37.49165,126.9272169
99,SK에너지(주)직영 대공원주유소,서울 관악구 과천대로 921 (남현동),SKE,1689,1889,N,Y,N,Y,Y,N,관악구,37.4727639,126.9821855
100,현대주유소,서울 관악구 난곡로 108 (신림동),HDO,1689,1869,N,N,N,N,N,N,관악구,37.4649327,126.919652
101,유림주유소,서울 관악구 신림로 176 (신림동),SOL,1698,1898,N,Y,N,Y,N,Y,관악구,37.4736453,126.9347833
102,SK에너지(주) 신봉천,서울 관악구 남부순환로 1880 (봉천동),SKE,1699,1899,N,Y,N,N,Y,N,관악구,37.4787022,126.9583517
103,지에스칼텍스㈜ 난곡주유소,서울 관악구 난곡로 206,GSC,1741,1928,N,N,N,N,N,N,관악구,37.4733457,126.9187577
104,관악시몬주유소,서울특별시 관악구 남부순환로 1753 (봉천동),SOL,1756,1936,N,Y,N,N,N,N,관악구,37.4823516,126.9450665
105,(주)한유에너지행운셀프주유소,서울 관악구 남부순환로 1883 (봉천동),SKE,1759,1947,Y,Y,N,N,N,N,관악구,37.4790749,126.9591267
106,CJ대한통운㈜ 신림주유소,서울 관악구 남부순환로 1515 (신림동),GSC,1798,1978,N,Y,N,N,N,N,관악구,37.482932,126.9188649
107,태양주유소,서울 광진구 동일로 345 (중곡동),HDO,1614,1824,N,N,N,N,N,Y,광진구,37.5626197,127.0853672
108,(주)창원CW,서울 광진구 광나루로 460 (화양동),HDO,1615,1815,Y,Y,N,N,N,N,광진구,37.5450546,127.0803615
109,현대오일뱅크(주)직영 중곡현대주유소,서울 광진구 동일로 435 (중곡동),HDO,1615,1825,Y,Y,N,N,N,N,광진구,37.5609019,127.095729
110,현대오일뱅크(주)직영 능동주유소,서울 광진구 천호대로 584 (능동),HDO,1615,1825,Y,Y,N,Y,N,Y,광진구,37.5555727,127.0823555
111,현대오일뱅크(주) 중원셀프주유소,서울 광진구 동일로 398 (중곡동),HDO,1615,1825,Y,Y,N,N,N,N,광진구,37.5626197,127.0853672
112,정해네트웍스(주)일진주유소,서울 광진구 동일로 413 (중곡동),SOL,1617,1867,Y,Y,N,N,N,Y,광진구,37.5680828,127.0889827
113,용마주유소,서울 광진구 용마산로 68 (중곡동),GSC,1639,1869,N,N,N,N,N,N,광진구,37.5596944,127.087859
114,대원주유소,서울 광진구 용마산로 122 (중곡동),SOL,1639,1869,N,N,N,N,N,N,광진구,37.5645204,127.0870429
115,(주)장수주유소,서울 광진구 동일로 266 (군자동),SKE,1668,1874,N,N,N,Y,N,Y,광진구,37.5549591,127.0715183
116,삼호주유소,서울 광진구 천호대로 809 (광장동),SOL,1682,1897,Y,Y,N,N,N,Y,광진구,37.5456366,127.1036719
117,동서울주유소,서울 광진구 강변역로 10 (구의동),GSC,1699,1898,N,Y,N,N,N,N,광진구,37.5377845,127.0912433
118,자양주유소,서울 광진구 아차산로 298 (자양동),SKE,1758,1948,N,Y,N,N,N,Y,광진구,37.5324005,127.0715809
119,강평주유소,서울 광진구 아차산로 616 (광장동),SKE,1798,1998,N,Y,N,N,N,Y,광진구,37.5475468,127.1072399
120,SK구로주유소,서울 구로구 구일로 94 (구로동),SKE,1594,1844,N,Y,N,N,N,N,구로구,37.4935494,126.8721653
121,구인주유소,서울 구로구 경인로 558 (구로동),SKE,1594,1844,N,Y,N,Y,Y,N,구로구,37.504209,126.8860667
122,신성주유소,서울 구로구 구로동로 187 (구로제2동),HDO,1595,1847,Y,Y,N,N,N,N,구로구,37.49511,126.8823151
123,(주)한미석유구로그린주유소,서울 구로구 구로중앙로 76 (구로동),GSC,1595,1827,Y,Y,N,Y,N,N,구로구,37.4962231,126.8885534
124,처음처럼주유소,서울 구로구 오리로 1299 (궁동),SOL,1598,1859,N,N,N,N,N,N,구로구,37.5003075,126.8289067
125,극동유화(주) 항동주유소,서울 구로구 서해안로 2154 (항동),SOL,1619,1849,Y,Y,N,N,N,N,구로구,37.4911149,126.8395931
126,서서울고속주유소,서울 구로구 경인로 150 (오류동),SKE,1625,1805,Y,Y,N,N,N,N,구로구,37.49164,126.8428088
127,대성산업(주)디큐브주유소,서울 구로구 경인로 650 (신도림동),GSC,1629,1844,N,N,N,N,N,Y,구로구,37.5078523,126.887069
128,대원셀프주유소,서울 구로구 개봉로 7,HDO,1637,1867,Y,Y,N,N,N,N,구로구,37.4860529,126.8560668
129,서울석유(주)풀페이주유소,서울 구로구 경인로 41 (온수동),SKE,1639,1839,N,Y,N,N,Y,Y,구로구,37.4899652,126.8254874
130,SK에너지(주)직영 개봉동주유소,서울 구로구 경인로 290 (개봉동),SKE,1649,1850,N,Y,N,N,N,N,구로구,37.4863179,126.8570058
131,현대오일뱅크㈜직영 신오류주유소,서울 구로구 경인로 161 (오류동),HDO,1649,1865,N,Y,N,Y,Y,N,구로구,37.491358,126.839872
132, 현대오일뱅크㈜직영 구로셀프주유소,서울 구로구 시흥대로 531,HDO,1669,1869,Y,Y,N,Y,N,Y,구로구,37.4808979,126.8993011
133,개봉주유소,서울 구로구 고척로 115 (개봉동),HDO,1677,1887,Y,Y,N,N,N,N,구로구,37.5019132,126.846819
134,근린공원주유소,서울 구로구 고척로 199 (고척동),SOL,1765,1935,N,Y,N,N,N,N,구로구,37.5050911,126.8554371
135,현대오일뱅크(주)직영 신구로주유소,서울 구로구 가마산로 293 (구로동),HDO,1796,1910,N,Y,N,N,N,N,구로구,37.4974745,126.8924749
136,영진주유소,서울 구로구 구로동로 20 (가리봉동),SOL,1797,1997,N,N,N,N,N,N,구로구,37.4836403,126.8869533
137,JHC에너지,서울 구로구 시흥대로 539,HDO,1799,1897,N,N,N,Y,N,N,구로구,37.4813879,126.8997699
138,동아주유소,서울 구로구 도림로 91 (구로동),SOL,1998,1998,N,N,N,N,Y,N,구로구,37.4907961,126.8931581
139,구로주유소,서울 구로구 구로동로 137 (구로동),GSC,2298,2398,N,N,N,N,N,N,구로구,37.490737,126.883519
140,구광주유소,서울 금천구 서부샛길 674 (가산동),SOL,1595,1835,N,Y,N,N,N,N,금천구,37.4819679,126.8751491
141,(주)화동유업 화동주유소,서울 금천구 시흥대로 484,SKE,1614,1898,Y,Y,N,N,N,N,금천구,37.4767708,126.8991661
142,대득에너지(금천셀프주유소),서울 금천구  시흥대로 81 (시흥동),GSC,1615,1935,Y,Y,N,N,Y,Y,금천구,37.4415477,126.9031064
143,(주)백운주유소,서울 금천구 시흥대로 282 (독산동),RTO,1615,1879,Y,N,N,N,N,N,금천구,37.45885150000001,126.8993418
144,SK에너지(주) 박미주유소,서울 금천구 시흥대로 39-7 (시흥동),SKE,1645,1935,Y,N,N,N,N,N,금천구,37.4371734,126.9024572
145,현대오일뱅크(주)직영 금천현대셀프주유소,서울 금천구 독산로 147 (시흥동),HDO,1665,1880,Y,Y,N,N,N,N,금천구,37.4604604,126.904433
146,현대오일뱅크㈜직영 금천제일주유소,서울 금천구 남부순환로 1410 (독산동),HDO,1674,1889,N,Y,N,N,N,N,금천구,37.4801783,126.9074941
147,백산주유소,서울특별시 금천구  시흥대로 174 (시흥동),SOL,1685,1898,Y,Y,N,Y,N,N,금천구,37.4496089,126.9029548
148,남서울경복에너지,서울 금천구 독산로 257 (독산동),HDO,1685,1905,Y,N,N,N,N,N,금천구,37.46981,126.9023363
149,SK에너지(주) 이가주유소,서울 금천구 시흥대로 441,SKE,1689,1899,N,Y,N,Y,N,N,금천구,37.4730006,126.8978907
150,지에스칼텍스(주)일신주유소,서울 금천구 시흥대로 118,GSC,1708,1935,Y,Y,N,N,N,Y,금천구,37.44449040000001,126.9042647
151,화랑대주유소,서울 노원구 화랑로 483,HDO,1595,1865,Y,Y,N,N,N,N,노원구,37.6196049,127.0807059
152,이엠석유(주)배꽃나라주유소,서울 노원구 화랑로 466 (공릉1동),GSC,1625,1865,Y,Y,N,Y,N,N,노원구,37.6248346,127.0737922
153,(주)소모에너지 수락산셀프주유소,서울 노원구 동일로 1772,GSC,1635,1833,Y,N,N,N,N,N,노원구,37.6866099,127.0558354
154,월계주유소,서울 노원구 월계로 252 (월계동),GSC,1635,1835,Y,Y,N,Y,N,N,노원구,37.6244446,127.0506987
155,태릉솔밭주유소,서울 노원구 노원로 49 (공릉동),SOL,1645,1865,Y,Y,N,N,N,Y,노원구,37.6259181,127.0855335
156,한신주유소,서울 노원구 동일로 1089 (공릉동),SKE,1645,1844,Y,Y,N,N,N,N,노원구,37.6304778,127.0901988
157,삼육주유소,서울 노원구 화랑로 822 (공릉동),SKE,1645,1865,Y,Y,N,N,N,N,노원구,37.63862520000001,127.1090677
158,현대오일뱅크㈜직영 하계주유소,서울 노원구 노원로17길 29 (하계동),HDO,1655,1895,N,Y,N,N,N,N,노원구,37.6421236,127.0703677
159,남선석유(주)구도일주유소 불암,서울 노원구 한글비석로 268 (중계동),SOL,1655,1875,Y,Y,N,N,N,N,노원구,37.6512956,127.0773021
160,성북역주유소,서울 노원구 광운로 95 (월계동),GSC,1658,1879,N,Y,N,N,N,N,노원구,37.6260144,127.0599523
161,SK에너지㈜직영 상계주유소,서울 노원구 노해로 527 (상계동),SKE,1675,1885,N,Y,N,N,N,N,노원구,37.6559345,127.0664793
162,신성주유소,서울 노원구 월계로 328 (월계동),SOL,1698,1898,Y,Y,N,N,N,Y,노원구,37.6287449,127.0572862
163,노원주유소,서울 노원구 동일로 1008 (공릉동),GSC,1759,1928,N,Y,N,Y,N,N,노원구,37.6304778,127.0901988
164,상계동주유소,서울 노원구 노원로26길 191 (상계동),HDO,1770,1980,N,N,N,Y,N,N,노원구,37.65833740000001,127.0711447
165,하계삼호주유소,서울 노원구 공릉로 294 (하계동),GSC,1785,1981,N,N,N,Y,N,N,노원구,37.6335815,127.0722699
166,삼미북부셀프주유소,서울 도봉구 도봉로 437 (쌍문동),SKE,1615,1815,Y,Y,N,N,N,Y,도봉구,37.6496008,127.0206486
167,도봉제일주유소(주)송만에너지,서울 도봉구 도봉로 783 (도봉동),HDO,1615,1825,N,N,N,N,N,N,도봉구,37.674434,127.0440507
168,노원교주유소,서울 도봉구 마들로 776 (도봉동),HDO,1622,1863,Y,Y,N,N,N,N,도봉구,37.678829,127.0497045
169,(주)헨지스에너지 구도일주유소 도봉,서울 도봉구 도봉로 706 (방학동),SOL,1625,1825,Y,Y,N,Y,N,N,도봉구,37.6668444,127.0434577
170,한이에너지(주) 쌍문주유소,서울 도봉구 도봉로 547 (쌍문동),SOL,1625,1825,Y,Y,N,Y,N,Y,도봉구,37.6522545,127.0304855
171,(주)자연에너지 햇살주유소,서울 도봉구 방학로 142 (방학동),HDO,1625,1815,Y,Y,N,N,N,N,도봉구,37.6630108,127.0363981
172,극동유화(주) 대안주유소,서울 도봉구 마들로 574 (창동),SOL,1629,1849,Y,Y,N,Y,N,N,도봉구,37.6614812,127.0475388
173,현대오일뱅크㈜직영 도봉현대셀프주유소,서울 도봉구 도봉로 941 (도봉동),HDO,1629,1859,Y,Y,N,N,Y,N,도봉구,37.6883354,127.0453133
174,대성산업(주)신창주유소,서울 도봉구 덕릉로 267 (창동),GSC,1635,1875,Y,Y,N,Y,N,Y,도봉구,37.6413062,127.0401911
175,구도일주유소 파크빌,서울 도봉구 해등로3길 86 (창동),SOL,1637,1847,Y,N,N,N,N,N,도봉구,37.6468071,127.0394314
176,동일석유(주) 창동주유소,서울 도봉구  도봉로 434 (창동),SKE,1637,1837,Y,Y,N,Y,N,N,도봉구,37.6445794,127.0327745
177,지에스칼텍스㈜ 방학동주유소,서울 도봉구 방학로 186,GSC,1648,1895,Y,Y,N,N,N,Y,도봉구,37.6624409,127.0315058
178,지에스칼텍스㈜ 도봉주유소,서울 도봉구 도봉로 895 (도봉동),GSC,1648,1895,Y,Y,N,Y,N,Y,도봉구,37.6844111,127.0454986
179,현대오일뱅크㈜직영 영신주유소,서울 도봉구 방학로 151,HDO,1657,1847,N,Y,N,N,N,N,도봉구,37.6623342,127.0354151
180,(주)쌍문셀프주유소,서울 도봉구 노해로 161 (쌍문동),HDO,1698,1878,Y,Y,N,N,N,N,도봉구,37.6490417,127.0267991
181,오복주유소,서울 도봉구 방학로 43,SOL,1716,1887,Y,Y,N,N,N,Y,도봉구,37.6622407,127.0474237
182,대성산업㈜청량리주유소,서울 동대문구 왕산로 289 (청량리동),GSC,1615,1875,Y,Y,N,N,N,Y,동대문구,37.5813765,127.0450573
183,대성산업(주)동마장주유소,서울 동대문구 고산자로 405 (용두동),GSC,1615,1895,Y,Y,N,Y,N,Y,동대문구,37.57570339999999,127.0376115
184,동서울고속주유소,서울 동대문구 한천로 414,SKE,1615,1805,Y,N,N,N,N,Y,동대문구,37.59751120000001,127.068033
185,풍한주유소,서울 동대문구 안암로 168,SKE,1615,1815,N,Y,N,N,N,Y,동대문구,37.5891723,127.0359785
186,열린주유소,서울 동대문구 한천로 263 (휘경동),SOL,1615,1839,N,N,N,N,N,N,동대문구,37.5843348,127.0676289
187,(주)경동주유소,서울 동대문구 이문로 191 (이문동),SOL,1625,1845,Y,Y,N,N,N,N,동대문구,37.6036095,127.0617858
188,삼영주유소,서울 동대문구 답십리로 258 (장안동),SKE,1625,1825,N,Y,N,N,N,N,동대문구,37.57224679999999,127.06882
189,(주)파랑에너지,서울 동대문구 망우로 126,GSC,1635,1865,Y,Y,N,N,N,N,동대문구,37.591192,127.0670882
190,재정제2주유소,서울 동대문구 사가정로 90 (전농동),HDO,1659,1839,Y,Y,N,N,N,N,동대문구,37.575785,127.0556357
191,재정주유소,서울 동대문구 전농로 121 (전농동),HDO,1659,1839,Y,Y,N,N,N,N,동대문구,37.5756532,127.0574125
192,현대오일뱅크㈜직영 스피드주유소,서울 동대문구 천호대로 453 (장안동),HDO,1668,1875,N,Y,N,N,N,Y,동대문구,37.56319800000001,127.0696548
193,(주)안국에너지 삼원셀프주유소,서울 동대문구 망우로 90 (휘경동),SKE,1668,1888,Y,Y,N,N,N,N,동대문구,37.5901174,127.0631566
194,홍능주유소,서울 동대문구 홍릉로 87 (청량리동),SOL,1685,1885,N,Y,N,N,N,N,동대문구,37.5880321,127.0425684
195,배봉로주유소,서울 동대문구 서울시립대로 108,HDO,1695,1885,Y,Y,N,N,N,N,동대문구,37.5800075,127.051056
196,삼미상사(주)장안킹셀프주유소,서울 동대문구  한천로 100 (장안동),SKE,1697,1889,Y,Y,N,N,N,N,동대문구,37.5789822,127.0696339
197,오동나무주유소,서울 동대문구  한천로 81 (답십리동),SOL,1698,1898,N,N,N,N,N,N,동대문구,37.5696589,127.0576058
198,한영주유소 (한화),서울 동대문구 망우로 38 (휘경동),HDO,1870,1990,N,N,N,N,N,N,동대문구,37.588455,127.057499
199,지에스칼텍스(주) 대방주유소,서울 동작구 여의대방로 214,GSC,1644,1880,N,N,N,N,N,N,동작구,37.5056797,126.9229038
200,창원이엔지주유소,서울 동작구 사당로 59 (상도동),HDO,1669,1887,N,Y,N,N,N,N,동작구,37.4948932,126.9614301
201,현대오일뱅크㈜직영 신대방셀프주유소,서울 동작구 시흥대로 616 (신대방동),HDO,1669,1924,Y,Y,N,Y,Y,Y,동작구,37.4871156,126.9055658
202,매일주유소,서울 동작구 상도로 139 (상도동),SOL,1679,1939,Y,Y,N,N,N,N,동작구,37.5027158,126.9350931
203,현대오일뱅크㈜직영 흑석동셀프주유소,서울 동작구 현충로 101 (흑석동),HDO,1697,1899,Y,Y,N,N,N,Y,동작구,37.5084548,126.9621517
204,현대오일뱅크(주)직영 사당셀프주유소,서울 동작구 동작대로 73 (사당동),HDO,1697,1909,Y,Y,N,N,N,Y,동작구,37.4830715,126.9815177
205,지에스칼텍스㈜직영 남성주유소,서울 동작구 동작대로 135 (사당동),GSC,1699,1910,Y,N,N,N,N,Y,동작구,37.4886663,126.9819562
206,현대오일뱅크(주)직영 동작주유소,서울 동작구 상도로 403 (상도동),HDO,1707,1889,N,Y,N,N,N,N,동작구,37.493427,126.9565053
207,살피재주유소,서울 동작구 상도로 334,SKE,1875,1985,N,N,N,N,N,N,동작구,37.49832110000001,126.9513763
208,성산대교셀프주유소,서울 마포구 성산로 144,HDO,1677,1867,Y,Y,N,Y,N,N,마포구,37.5643058,126.9094768
209,청원주유소,서울 마포구 월드컵북로 113 (성산동),HDO,1677,1867,Y,Y,N,N,N,N,마포구,37.5695475,126.9090302
210,성산주유소,서울 마포구 월드컵북로 170 (성산제2동),SKE,1687,1877,N,N,N,N,N,N,마포구,37.5688388,126.9059487
211,마포시엠주유소,서울 마포구 월드컵북로62 (성산동),GSC,1687,1877,N,N,N,N,N,N,마포구,37.5634142,126.9118656
212,에스오일(주) 염리동주유소,서울 마포구 백범로 126 (염리동),SOL,1699,1899,Y,Y,N,N,N,N,마포구,37.5461825,126.9446915
213,에스에스오토셀프,서울 마포구 서강로 76 (창전동),HDO,1699,1899,Y,Y,N,N,N,Y,마포구,37.5497919,126.9326402
214,(주)안국에너지 망원동주유소,서울 마포구 월드컵로 119 (망원동),SKE,1718,1888,N,Y,N,N,N,N,마포구,37.5587422,126.9072625
215,SK에너지 양지주유소,서울 마포구 마포대로 69 (도화동),SKE,1719,1999,N,N,N,Y,Y,Y,마포구,37.5376496,126.9463971
216,(주)만성상사 대흥주유소,서울 마포구 대흥로 61 (대흥동),SKE,1729,1939,N,Y,N,N,N,Y,마포구,37.5459142,126.9398836
217,SK에너지(주) 안국주유소,서울 마포구 양화로 33,SKE,1769,1979,N,N,N,N,N,Y,마포구,37.5492628,126.9125773
218,마포주유소,서울 마포구 마포대로 186 (공덕동),SOL,1999,2199,N,Y,N,N,N,N,마포구,37.5506944,126.9505988
219,(주)창원이엔지 홍제지점,서울 서대문구 통일로 455 (홍제동),HDO,1639,1844,N,N,N,N,N,N,서대문구,37.5890029,126.9493965
220,㈜우남에너지 문화사랑주유소,서울 서대문구 세검정로 87 (홍제동),SOL,1639,1899,Y,Y,N,N,N,N,서대문구,37.595423,126.9484173
221,구도일주유소 두꺼비,서울 서대문구 성산로 312,SOL,1647,1843,Y,Y,N,Y,N,N,서대문구,37.5659928,126.924833
222,행촌제2주유소,서울 서대문구 성산로 490 (대신동),SKE,1649,1858,Y,Y,N,N,Y,Y,서대문구,37.5677894,126.9488821
223,현대오일뱅크(주)직영 연세주유소,서울 서대문구 연희로 184,HDO,1649,1879,Y,Y,N,N,N,N,서대문구,37.573442,126.9359117
224,(주)가재울뉴타운주유소,서울 서대문구 모래내로 205,HDO,1653,1873,Y,N,N,N,Y,Y,서대문구,37.5792768,126.933107
225,(주)미래아스팔트 신우주유소,서울 서대문구 가좌로 106(홍은동),SOL,1654,1867,Y,Y,N,Y,N,N,서대문구,37.5822173,126.9265787
226,남정주유소,서울 서대문구 모래내로 243 (남가좌동),GSC,1658,1878,N,N,N,N,N,N,서대문구,37.574463,126.9153354
227,(주)성림에너지 홍제동주유소,서울 서대문구 통일로 372,GSC,1669,1859,Y,Y,N,N,N,N,서대문구,37.5835317,126.9501992
228,중앙에너비스 동교지점,서울 서대문구 연희로 12 (창천동),SKE,1675,1865,Y,N,N,N,Y,N,서대문구,37.5584944,126.9345627
229,현대오일뱅크㈜직영 독립문주유소,서울 서대문구 통일로 384 (홍제동),HDO,1679,1864,N,Y,N,N,Y,N,서대문구,37.5931272,126.946707
230,삼미상사(주)서부주유소,서울 서대문구 성산로 255,SKE,1689,1885,Y,Y,N,Y,Y,Y,서대문구,37.5677169,126.9189548
231,광호주유소,서울 서대문구 연희로 266 (홍은동),SKE,1698,1898,N,Y,N,N,N,N,서대문구,37.5807121,126.9365769
232,연희주유소,서울 서대문구 연희로 129 (연희동 89-7번지),SKE,1698,1898,N,Y,N,N,Y,N,서대문구,37.5692438,126.9324894
233,만남의광장주유소,서울 서초구 양재대로12길 73-71,RTX,1599,1819,Y,N,N,N,Y,Y,서초구,37.4599063,127.0420601
234,극동유화(주) 전당앞주유소,서울 서초구 남부순환로 2391 (서초동),SOL,1685,1915,Y,Y,N,Y,N,N,서초구,37.480541,127.0119248
235,(주)한미석유 서초주유소,서울 서초구 반포대로 64 (서초동),GSC,1685,1915,Y,N,N,N,N,N,서초구,37.4861448,127.0107621
236,현대오일뱅크(주)직영 팔레스주유소,서울 서초구 사평대로 136 (반포동),HDO,1689,1919,N,N,N,N,N,N,서초구,37.5000819,126.9991738
237,서초꽃마을주유소,서울 서초구 반포대로 69 (서초동),GSC,1695,1925,Y,N,N,N,N,N,서초구,37.4864212,127.0098686
238,대성산업(주)직영 강남주유소,서울 서초구 반포대로 284 (반포동),GSC,1695,1899,Y,N,N,N,N,N,서초구,37.50460229999999,127.0018098
239,(주)대농석유 남태령주유소,서울 서초구 과천대로 838 (방배동),SKE,1695,1895,Y,Y,N,N,N,N,서초구,37.46678,126.9879585
240,에너지플러스허브 삼방주유소,서울 서초구 사평대로 364 (서초동),GSC,1695,1946,Y,Y,N,N,N,Y,서초구,37.50367079999999,127.0231767
241,반포그린주유소,서울 서초구 서초중앙로 239 (반포동),GSC,1695,1946,Y,Y,N,N,N,N,서초구,37.5030662,127.010946
242,지에스칼텍스(주)선천주유소,서울 서초구 동작대로 206 (방배동),GSC,1696,1913,N,Y,N,N,N,N,서초구,37.4948943,126.9832005
243,대성석유(주)연일주유소,서울 서초구 남부순환로 2451,GSC,1696,1918,N,Y,N,N,Y,N,서초구,37.4825475,127.0185027
244,현대오일뱅크(주)직영 방배현대주유소,서울 서초구 동작대로 182 (방배동),HDO,1698,1889,N,Y,N,Y,N,N,서초구,37.4927581,126.9832272
245,현대오일뱅크(주)직영 서초제일주유소,서울 서초구 사임당로 116 (서초동),HDO,1698,1919,N,Y,N,N,N,N,서초구,37.4904892,127.0226088
246,대성산업(주)직영 터미널(고속)주유소,서울 서초구 신반포로 222 (반포동),GSC,1705,1956,N,Y,N,N,N,Y,서초구,37.5067869,127.0087106
247,한독주유소,서울 서초구 방배로 218 (방배동),GSC,1710,1889,Y,N,N,N,N,N,서초구,37.4927228,126.9908766
248,신반포주유소,서울 서초구 사평대로 94 (반포동),SKE,1710,1857,Y,Y,N,N,N,Y,서초구,37.4983258,126.9949336
249,태봉셀프주유소,서울 서초구 태봉로 117 (우면동),SKE,1715,1907,Y,Y,N,Y,N,N,서초구,37.4682684,127.0281865
250,헌릉로주유소,서울 서초구 헌릉로 177 (내곡동),SOL,1719,1889,Y,N,N,N,N,N,서초구,37.4574054,127.0601804
251,현대오일뱅크㈜직영 양재현대주유소,서울 서초구 마방로 6,HDO,1730,1898,N,Y,N,N,N,N,서초구,37.4735423,127.0397686
252,양재주유소,서울 서초구 바우뫼로 178,SKE,1730,1898,N,Y,N,N,N,Y,서초구,37.4780706,127.03961
253,말죽거리주유소,서울 서초구 남부순환로 2650 (양재동),GSC,1736,1896,N,N,N,N,N,N,서초구,37.4851407,127.0406537
254,대신석유(주)대우주유소,서울 서초구 양재대로 173 (양재동),SKE,1749,1927,Y,Y,N,N,Y,Y,서초구,37.46283870000001,127.0374413
255,(주)홈런주유소,서울 서초구 양재대로2길 100-30 (우면동),SOL,1778,1998,Y,Y,N,N,N,Y,서초구,37.4644963,127.0417509
256,지에스칼텍스(주)남서울주유소,서울 서초구 나루터로 83 (잠원동),GSC,1794,1956,N,Y,N,N,Y,Y,서초구,37.5161162,127.018846
257,방배동주유소,서울 서초구 효령로 29 (방배동),SKE,1893,1991,N,Y,N,N,N,N,서초구,37.4780874,126.9877574
258,대신석유㈜서원주유소,서울 서초구 반포대로 142 (서초동),SKE,2098,2218,N,Y,N,N,N,N,서초구,37.4927077,127.0076076
259,(주)선문에너지 중앙주유소,서울특별시 서초구  바우뫼로 219 (양재1동),SOL,2289,2388,N,Y,N,N,N,N,서초구,37.4815383,127.0422126
260,양재최고주유소,서울 서초구 매헌로 72 (양재동),SOL,2395,2395,N,Y,N,N,N,N,서초구,37.4670964,127.0347052
261,KLP제2주유소,서울 성동구 동일로 249 (송정동),HDO,1614,1889,Y,N,N,N,N,N,성동구,37.5538684,127.0703265
262,정호주유소,서울 성동구 고산자로 307 (마장동),ETC,1615,1865,N,N,N,N,N,N,성동구,37.5668696,127.0363928
263,현대오일뱅크㈜직영 효진주유소,서울 성동구 동일로 129,HDO,1625,1845,N,Y,N,N,N,N,성동구,37.5440751,127.064635
264,(주)서울에너지 직영,서울 성동구 천호대로 324 (용답동),SOL,1627,1837,Y,Y,N,N,N,Y,성동구,37.5641954,127.0555794
265,현대오일뱅크(주) 성동셀프주유소,서울 성동구 마장로 311 (마장동),HDO,1659,1859,Y,Y,N,N,N,N,성동구,37.5669759,127.0437017
266,SK에너지(주) 군자동주유소,서울 성동구 천호대로 446 (용답동),SKE,1669,1879,N,Y,N,N,N,Y,성동구,37.56051280000001,127.0682779
267,아이콘주유소,서울 성동구 고산자로 273 (도선동),SOL,1678,1868,N,Y,N,N,N,Y,성동구,37.563348,127.0329327
268,지에스칼텍스㈜ 도루코주유소,서울 성동구 아차산로 180,GSC,1683,1890,Y,Y,N,Y,N,Y,성동구,37.5419698,127.063446
269,삼우주유소,서울 성동구 천호대로 392,SKE,1758,1958,N,Y,N,N,N,N,성동구,37.5613925,127.0622849
270,SK KH에너지 성수만세주유소,서울 성동구 왕십리로 109,SKE,1788,1978,Y,Y,N,Y,Y,N,성동구,37.5474233,127.044265
271,SK에너지(주) 성수주유소,서울 성동구 뚝섬로 352 (성수동1가),SKE,1789,1978,N,Y,N,N,N,N,성동구,37.5399558,127.0498823
272,SK세원2주유소,서울 성동구 광나루로 184 (성수동1가),SKE,1805,1980,N,Y,N,Y,N,N,성동구,37.5508115,127.0504428
273,금호주유소,서울 성동구 금호로 39 (금호동4가),GSC,1896,2073,N,N,N,N,N,N,성동구,37.5470255,127.0250296
274,동일주유소,서울 성동구 광나루로 254 (성수동2가),HDO,1993,2165,N,Y,N,N,N,N,성동구,37.548454,127.0578139
275,청계로주유소,서울 성동구 청계천로 454 (하왕십리동),SKE,2098,2197,N,Y,N,N,N,N,성동구,37.5700016,127.0273779
276,(주)옥수하이웨이스테이션,서울 성동구 독서당로 168 (옥수동),GSC,2148,2298,N,N,N,N,N,N,성동구,37.5409535,127.0113872
277,원천주유소,서울 성북구 돌곶이로 142 (장위동),RTO,1613,1813,N,N,N,N,N,N,성북구,37.614921,127.0527521
278,이케이에너지㈜ 강산주유소,서울 성북구 보문로 27 (보문동7가),GSC,1625,1815,Y,Y,N,N,N,Y,성북구,37.5797898,127.0225999
279,(주)성북주유소,서울 성북구 보문로 142,HDO,1625,1815,Y,Y,N,N,N,N,성북구,37.5876306,127.0183757
280,(주)삼표에너지 정릉주유소,서울 성북구 보국문로 35 (정릉동),GSC,1625,1815,Y,Y,N,Y,N,N,성북구,37.6076598,127.0098583
281,이케이에너지(주) 강산제2주유소,서울 성북구 보국문로 52,HDO,1625,1815,Y,Y,N,N,N,N,성북구,37.6091627,127.0100739
282,SK에너지(주) 드림랜드주유소,서울 성북구 월계로 128 (장위동),SKE,1634,1854,N,N,N,N,N,N,성북구,37.6165378,127.041418
283,신동방주유소,서울 성북구 월계로 84 (장위동),SOL,1634,1835,Y,N,N,N,N,N,성북구,37.6134086,127.0381078
284,㈜명연에너지 효성주유소,서울 성북구 화랑로 27,GSC,1635,1815,N,Y,N,Y,N,Y,성북구,37.6031617,127.0353088
285,중앙에너비스 종암지점,서울 성북구 종암로 58,SKE,1635,1825,Y,Y,N,N,N,Y,성북구,37.5956106,127.0360234
286,현대오일뱅크㈜직영 장삼주유소,서울 성북구 한천로 612 (장위동),HDO,1635,1825,Y,Y,N,N,Y,N,성북구,37.613583,127.0602017
287,지에스칼텍스(주) 종암주유소,서울 성북구 종암로 145 (종암동),GSC,1635,1825,Y,Y,N,N,N,Y,성북구,37.602751,127.0320219
288,현대오일뱅크㈜직영 고대셀프주유소,서울 성북구 종암로 12 (종암동),HDO,1635,1855,Y,Y,N,N,N,N,성북구,37.5916818,127.0366505
289,현대오일뱅크㈜직영 북악셀프주유소,서울 성북구 정릉로 218 (정릉동),HDO,1637,1857,Y,Y,N,N,N,N,성북구,37.6086895,127.013717
290,(주)신용 구도일주유소화랑로,서울 성북구 화랑로 174,SOL,1653,1843,Y,Y,N,Y,N,N,성북구,37.6068649,127.0500704
291,우리주유소,서울 성북구 화랑로 292,SKE,1655,1845,Y,Y,N,Y,N,Y,성북구,37.6126933,127.0612878
292,장위주유소,서울 성북구 화랑로 110 (하월곡동),SOL,1655,1845,Y,Y,N,N,N,Y,성북구,37.6041779,127.0409997
293,현대오일뱅크㈜직영 아리랑주유소,서울 성북구 아리랑로 96 (정릉동),HDO,1657,1847,N,Y,N,N,N,Y,성북구,37.6004781,127.014224
294,재정제2주유소 길음지점,서울 성북구 삼양로 78 (길음동),HDO,1659,1839,N,N,N,N,N,N,성북구,37.6102602,127.0227323
295,동일주유소,서울특별시 성북구  보문로 85 (보문동5가),SOL,1665,1865,Y,Y,N,N,N,Y,성북구,37.58266,127.0191769
296,신방주유소,서울 성북구 안암로 111 (안암동5가),SOL,1669,1859,N,N,N,N,N,N,성북구,37.5855042,127.031798
297,삼선주유소,서울 성북구 창경궁로 324,SOL,1697,1875,Y,Y,N,N,N,N,성북구,37.5879082,127.005575
298,지에스칼텍스㈜ 세창주유소,서울 성북구 동소문로 323,GSC,1701,1909,Y,N,N,N,N,N,성북구,37.6087501,127.0295068
299,지에스칼텍스㈜ 화랑주유소,서울 성북구 화랑로 185,GSC,1703,1907,N,N,N,N,N,N,성북구,37.6078298,127.0507241
300,위례드림주유소,서울시 송파구  위례중앙로 10,SOL,1653,1853,Y,Y,N,N,N,Y,송파구,37.4747249,127.1406367
301,위례제일주유소,서울 송파구 위례서로 260,SOL,1653,1853,Y,Y,N,N,N,N,송파구,37.5145437,127.1065971
302,남성대주유소,서울 송파구 송파대로 52 (장지동),SKE,1673,1893,Y,Y,N,Y,N,Y,송파구,37.483207,127.1360678
303,상아주유소,서울 송파구 거마로 82,SOL,1673,1853,Y,Y,N,N,N,N,송파구,37.49999469999999,127.1478649
304,지에스이앤알 직영 송파제일주유소,서울 송파구 삼학사로 50 (석촌동),HDO,1675,1859,Y,Y,N,Y,N,Y,송파구,37.5016389,127.0972415
305,현대오일뱅크㈜직영 잠실셀프주유소,서울 송파구 송파대로 397 (석촌동),HDO,1675,1889,Y,N,N,N,N,Y,송파구,37.5026732,127.1089745
306,백제고분로주유소,서울 송파구 오금로 143 (방이동),SKE,1675,1879,Y,Y,N,Y,Y,Y,송파구,37.5121952,127.1168471
307,삼전셀프주유소,서울 송파구 백제고분로 199,SKE,1675,1878,Y,Y,N,N,N,Y,송파구,37.5043717,127.089132
308,삼화주유소,서울 송파구 백제고분로 125,GSC,1675,1860,Y,N,N,N,N,Y,송파구,37.5066136,127.0808774
309,(주)삼표에너지 아시아주유소,서울 송파구 도곡로 438 (잠실동),GSC,1675,1860,Y,Y,N,N,N,N,송파구,37.5045724,127.0773804
310,방이주유소,서울 송파구 위례성대로12길 38 (방이동),SKE,1675,1898,N,Y,N,Y,N,N,송파구,37.5106482,127.1207327
311,완불주유소,서울 송파구 송파대로 3 (장지동),SKE,1675,1894,Y,Y,N,N,N,Y,송파구,37.480358,127.144757
312,한강에너지(주)퍼스트주유소,서울 송파구 삼학사로 22 (석촌동),SKE,1677,1860,Y,Y,N,Y,N,N,송파구,37.4992615,127.0970677
313,(주)잠실에너지,서울 송파구 송파대로 442 (송파동),SOL,1678,1879,Y,Y,N,Y,N,Y,송파구,37.50460899999999,127.1119305
314,현대오일뱅크㈜직영 올림픽셀프주유소,서울 송파구 위례성대로 188 (오금동),HDO,1688,1898,Y,Y,N,Y,Y,Y,송파구,37.5096342,127.1318961
315,(주)신화에너지 서울지점,서울 송파구 가락로 47 (석촌동),SKE,1688,1879,Y,Y,N,Y,N,Y,송파구,37.499472,127.1017541
316,대성주유소,서울 송파구 마천로 230 (마천동),SKE,1688,1868,N,Y,N,N,N,N,송파구,37.498913,127.1579788
317,현대오일뱅크㈜직영 서원주유소,서울 송파구 중대로 154 (가락동),HDO,1688,1868,N,Y,N,N,N,N,송파구,37.4957644,127.1247104
318,제트라인DM주유소,서울 송파구 중대로 183 (가락동),HDO,1688,1869,N,N,N,Y,N,N,송파구,37.498494,127.125356
319,(주)뉴명성산업 남성주유소,서울 송파구 백제고분로 474 (방이동),HDO,1689,1898,N,Y,N,N,N,N,송파구,37.5125561,127.1140297
320,(주)삼표에너지 우리주유소,서울 송파구 동남로 153,GSC,1695,1855,N,Y,N,N,N,N,송파구,37.4924385,127.1273761
321,(주)삼표에너지 훼미리주유소,서울 송파구 중대로 58 (문정동),GSC,1697,1878,N,Y,N,N,N,N,송파구,37.4911956,127.1153371
322,(주)정직한주유소,서울 송파구 오금로 455 (거여동),HDO,1698,1878,Y,Y,N,N,N,N,송파구,37.4900434,127.1462058
323,(주)유진주유소,서울 송파구 동남로 325 (오금동),SKE,1698,1878,N,Y,N,N,N,N,송파구,37.5044957,127.1383244
324,지에스칼텍스(주)가든파이브주유소,서울 송파구 탄천동로 740,GSC,1703,1934,Y,Y,N,N,Y,Y,송파구,37.4933874,127.0970049
325,지에스칼텍스(주)스마트위례주유소,서울 송파구 위례중앙로 43 (장지동),GSC,1703,1919,Y,Y,N,N,N,N,송파구,37.4747249,127.1406367
326,송파주유소,서울 송파구 송이로 28 (송파동),GSC,1717,1897,Y,N,N,Y,N,N,송파구,37.5087961,127.1063816
327,대성석유(주)석촌주유소,서울 송파구 백제고분로 289,GSC,1718,1915,N,N,N,Y,N,N,송파구,37.5028085,127.0985428
328,(주)퍼스트오일서울주유소,서울 송파구 문정로 153,SOL,1738,1890,N,N,N,N,N,N,송파구,37.4931962,127.1363101
329,대신석유(주)진양주유소,서울 송파구 올림픽로 499 (풍납동),SKE,1998,2118,N,Y,N,N,N,N,송파구,37.5336366,127.1205963
330,현대주유소,서울 양천구 남부순환로 372 (신월동),SOL,1577,1819,Y,Y,N,N,N,N,양천구,37.5338107,126.8292398
331,(주)타이거오일 신정주유소,서울 양천구 중앙로 226 (신정동),SKE,1589,1849,Y,N,N,N,N,N,양천구,37.5167682,126.8546569
332,개나리Self주유소,서울 양천구 남부순환로 442 (신월동),SKE,1594,1854,Y,Y,N,Y,N,N,양천구,37.5280874,126.8329813
333,형산석유(주)원주유소,서울 양천구 남부순환로 408,HDO,1594,1839,N,Y,N,Y,N,Y,양천구,37.53100269999999,126.8310216
334,양천구주유소,서울 양천구 국회대로 275 (목동),RTO,1594,1845,Y,Y,N,Y,N,Y,양천구,37.5302832,126.8655289
335,현대오일뱅크(주)직영 남부순환셀프주유소,서울 양천구 남부순환로 553 (신월동),HDO,1599,1819,Y,Y,N,N,Y,Y,양천구,37.5195591,126.8387341
336,현대오일뱅크(주)직영 양정주유소,서울 양천구 국회대로 158 (신정동),HDO,1599,1819,N,N,N,N,N,N,양천구,37.5280112,126.852512
337,신월주유소,서울 양천구 신월로 193 (신월동),GSC,1599,1869,Y,N,N,N,N,N,양천구,37.5200142,126.8440687
338,지에스칼텍스㈜ 서호주유소,서울 양천구 남부순환로 317,GSC,1620,1831,Y,Y,N,Y,N,Y,양천구,37.5385523,126.8269276
339,SK에너지(주) 경인주유소,서울 양천구 국회대로 170 (신정동),SKE,1629,1839,Y,Y,N,N,N,N,양천구,37.528087,126.8538198
340,신정동주유소,서울 양천구 안양천로 663 (신정동),HDO,1637,1877,Y,Y,N,N,Y,N,양천구,37.5063457,126.8711098
341,삼미상사(주)신월IC셀프주유소,서울 양천구 중앙로 331 (신월동),SKE,1639,1869,Y,N,N,Y,N,N,양천구,37.5254507,126.8497568
342,현대오일뱅크(주)직영 양천셀프주유소,서울 양천구 목동로 17,HDO,1639,1824,Y,Y,N,N,N,N,양천구,37.5106085,126.8711101
343,가로공원주유소,서울 양천구 가로공원로 165 (신월동),SKE,1639,1869,N,Y,N,N,N,Y,양천구,37.5369402,126.8342781
344,SK에너지(주) 신평,서울 양천구 목동남로 62,SKE,1644,1849,N,Y,N,Y,N,N,양천구,37.5093616,126.8662268
345,지에스이앤알 직영 서울주유소,서울 양천구 신정로 236 (신정동),GSC,1659,1859,N,Y,N,N,N,N,양천구,37.5105184,126.8476876
346,(주)서부트럭터미날,서울 양천구 신정로 167 (신정동),HDO,1669,1919,N,Y,N,N,N,Y,양천구,37.5091516,126.8393172
347,현대오일뱅크㈜직영 목동셀프주유소,서울 양천구 공항대로 648 (목동),HDO,1677,1895,Y,N,N,N,N,N,양천구,37.5463168,126.8639087
348,현대오일뱅크(주)직영 양천현대셀프주유소,서울 양천구 안양천로 1179 (목동),HDO,1677,1895,Y,Y,N,Y,Y,Y,양천구,37.545811,126.8814261
349,현대오일뱅크(주)직영 신목동셀프주유소,서울 양천구 목동동로10길 13,HDO,1679,1885,Y,Y,N,Y,N,N,양천구,37.5190709,126.8710957
350,목동주유소,서울 양천구 목동중앙로 125 (목동),SKE,1687,1872,Y,Y,N,N,N,N,양천구,37.539599,126.8745724
351,(주)삼표에너지 목동주유소,서울 양천구 목동서로 129 (목동),GSC,1687,1872,Y,Y,N,N,N,N,양천구,37.532098,126.8755213
352,지에스칼텍스㈜ 건지주유소,서울 양천구 안양천로 1171 (목동),GSC,1687,1872,Y,Y,N,N,N,N,양천구,37.5451737,126.8821565
353,신양주유소,서울 양천구 지양로 67,SKE,1799,1949,N,Y,N,N,N,N,양천구,37.5214632,126.833821
354,(주)대청에너지 대청주유소,서울 영등포구 가마산로 328 (대림동),GSC,1595,1817,Y,Y,N,Y,N,Y,영등포구,37.4985562,126.8957906
355,도림주유소,서울 영등포구 도림로 343 (도림동),RTO,1595,1827,Y,N,N,Y,N,N,영등포구,37.5076563,126.900191
356,(주)MS에너지,서울 영등포구 대림로 230,HDO,1595,1827,N,Y,N,N,N,N,영등포구,37.5013302,126.8974032
357,영등포제일셀프주유소,서울 영등포구 가마산로 379,HDO,1595,1817,Y,Y,N,Y,N,N,영등포구,37.5023621,126.8994521
358,남서울고속주유소,서울 영등포구 가마산로 367 (대림동),SKE,1595,1817,Y,Y,N,N,N,N,영등포구,37.5015666,126.8987908
359,성락주유소,서울 영등포구 가마산로 414 (신길동),SOL,1595,1817,Y,Y,N,N,N,N,영등포구,37.5037504,126.9028235
360,(주)강서오일,서울 영등포구 도신로 151,HDO,1609,1816,N,N,N,N,N,Y,영등포구,37.5099691,126.9082307
361,행촌주유소,서울 영등포구 도신로 130 (신길동),SKE,1609,1817,Y,Y,N,N,Y,Y,영등포구,37.5085141,126.9061074
362,매봉주유소,서울 영등포구 도신로 248 (신길동),HDO,1619,1869,Y,Y,N,Y,N,N,영등포구,37.5130271,126.9183121
363,한경석유(주)경덕주유소,서울 영등포구 여의대방로23길 2 (신길동),SKE,1619,1838,Y,Y,N,N,N,N,영등포구,37.4983597,126.9197576
364,현대오일뱅크㈜직영 대일셀프주유소,서울 영등포구 영등포로 168,HDO,1622,1877,Y,N,N,N,N,N,영등포구,37.5204486,126.9000304
365,지에스칼텍스㈜ 신길주유소,서울 영등포구 신길로 74 (신길동),GSC,1622,1832,Y,Y,N,N,N,Y,영등포구,37.4990184,126.9087781
366,영등포현대셀프주유소,서울 영등포구 경인로 822 (영등포동),HDO,1627,1827,Y,N,N,N,Y,N,영등포구,37.5152891,126.9044679
367,㈜지에스이앤알 모드니주유소,서울 영등포구 경인로 789,GSC,1629,1856,N,Y,N,N,N,N,영등포구,37.51470339999999,126.9007821
368,(주)지에스이앤알 보라주유소,서울 영등포구 영등포로 399 (신길동),GSC,1629,1856,N,Y,N,N,N,N,영등포구,37.5134731,126.9227443
369,SK에너지(주) 신길동주유소,서울 영등포구 영등포로 348 (신길동),SKE,1649,1859,N,Y,N,N,N,N,영등포구,37.5152891,126.916973
370,SK에너지(주) 양평주유소,서울 영등포구 선유로 195 (양평동3가),SKE,1659,1879,Y,Y,N,N,N,Y,영등포구,37.5289951,126.8924107
371,(주)한미석유 제2한강주유소,서울 영등포구 선유로 260 (양평동4가),GSC,1659,1859,Y,Y,N,N,N,N,영등포구,37.5374942,126.897009
372,씨앤에스유통 한성주유소,서울 영등포구 여의대방로 227,SOL,1668,1898,N,N,N,N,N,N,영등포구,37.5071373,126.9228727
373,선유도주유소,서울 영등포구 양평로 141 (양평동5가),SOL,1674,1870,Y,Y,N,N,N,N,영등포구,37.5399253,126.8928726
374,SK에너지(주) 기린주유소,서울 영등포구 선유로 270,SKE,1679,1899,Y,Y,N,N,Y,Y,영등포구,37.5362563,126.898953
375,지에스칼텍스㈜ 화일주유소,서울 영등포구 도림로 415,GSC,1703,1911,Y,N,N,N,N,N,영등포구,37.5132173,126.8964071
376,성원이앤에스(주)영등포지점,서울 영등포구 국회대로52길 9-13 (영등포동7가),GSC,2038,2158,N,N,N,N,N,N,영등포구,37.5223774,126.9078531
377,버드나룻길주유소,서울 영등포구 버드나루로 111 (당산동),SKE,2090,2240,N,Y,N,N,N,N,영등포구,37.5279162,126.9078696
378,현대오일뱅크(주)직영 국회대로주유소,서울 영등포구 국회대로 746 (여의도동),HDO,2099,2349,N,Y,N,N,N,N,영등포구,37.5279651,126.9160136
379,KH여의도주유소,서울 영등포구 국회대로 794 (여의도동),SKE,2145,2394,N,Y,N,N,N,N,영등포구,37.5307038,126.9202903
380,SJ오일(주) 여의도주유소,서울 영등포구 은행로 64,GSC,2199,2360,N,Y,N,N,Y,Y,영등포구,37.5303375,126.9255792
381,현대오일뱅크㈜직영 강변현대주유소,서울 용산구 원효로 9 (청암동),HDO,1852,1943,N,Y,N,Y,N,N,용산구,37.5346046,126.9487786
382,현대오일뱅크㈜직영 한남동주유소,서울 용산구 한남대로 204 (한남동),HDO,1877,1889,N,Y,N,Y,N,N,용산구,37.5459042,127.0028583
383,동자동주유소,서울 용산구 한강대로104길 6 (동자동),SKE,1910,1990,N,Y,N,N,N,N,용산구,37.5502057,126.9755461
384,현대오일뱅크(주)직영 소월길주유소,서울 용산구 소월로 66 (후암동),HDO,1911,1969,N,Y,N,N,N,N,용산구,37.5505548,126.9769866
385,현대오일뱅크(주)갈월동주유소,서울특별시 용산구  한강대로 322 (남영동),HDO,1911,1989,N,Y,N,Y,N,N,용산구,37.5469552,126.9722183
386,(주)신태성주유소,서울 용산구 원효로 147 (원효로3가),SKE,2068,2360,N,Y,N,N,N,N,용산구,37.5336965,126.9561119
387,(주)영원 풍기주유소,서울 용산구 원효로 178 (원효로2가),GSC,2098,2179,N,N,N,N,N,N,용산구,37.5355412,126.9626861
388,(주)남경주유소,서울 용산구 녹사평대로11길 24,SKE,2110,2469,N,Y,N,Y,N,Y,용산구,37.5222071,126.9932366
389,한석주유소,서울 용산구 이촌로 164,SKE,2179,2622,N,Y,N,N,N,Y,용산구,37.5214212,126.9653795
390,에너비스,서울 용산구 한남대로 82 (한남동),SKE,2297,2397,N,Y,N,N,N,N,용산구,37.5359518,127.0061296
391,한남지점,서울 용산구 한남대로21길 4 (한남동),SKE,2297,2397,N,N,N,N,N,N,용산구,37.5346573,127.0060631
392,서계주유소,서울 용산구  청파로 367 (청파동),GSC,2629,2979,N,Y,N,N,N,N,용산구,37.5522895,126.9689354
393,타이거주유소,서울 은평구 수색로 188 (증산동),SKE,1634,1834,Y,Y,N,N,N,Y,은평구,37.5843431,126.9075553
394,불광주유소,서울 은평구 연서로 314 (불광동),HDO,1637,1842,Y,Y,N,N,N,N,은평구,37.6203679,126.9237343
395,다회주유소,서울 은평구 증산로 441 (신사동),SOL,1654,1854,Y,N,N,N,N,N,은평구,37.5955921,126.9144513
396,대성산업㈜ 대성주유소,서울 은평구 통일로 642,GSC,1659,1899,Y,Y,N,N,N,Y,은평구,37.6039651,126.9352913
397,현대오일뱅크㈜직영 은평드림주유소,서울 은평구 통일로 1151 (진관동),HDO,1662,1847,N,Y,N,N,N,N,은평구,37.6438385,126.9124158
398,지에스칼텍스(주)수색뉴타운주유소,서울 은평구 수색로 350 (수색동),GSC,1665,1834,Y,Y,N,N,N,N,은평구,37.5871071,126.8875419
399,지에스칼텍스㈜ 신사제일주유소,서울 은평구 증산로 423 (신사동),GSC,1669,1859,Y,Y,N,N,N,Y,은평구,37.594051,126.9139211
400,지에스칼텍스㈜ 녹번주유소,서울 은평구 통일로 600 (녹번동),GSC,1669,1859,Y,Y,N,N,N,N,은평구,37.6005055,126.9363315
401,지에스칼텍스㈜ 서부주유소,서울 은평구 응암로 210 (응암동),GSC,1669,1859,Y,Y,N,Y,N,Y,은평구,37.5906926,126.9177223
402,(주)명연에너지 수색훼미리주유소,서울 은평구 수색로 236 (수색동),HDO,1674,1830,Y,Y,N,N,N,N,은평구,37.581122,126.897774
403,성원이앤에스(주)은평지점,서울 은평구 통일로 968 (진관동),GSC,1695,1825,Y,Y,N,N,N,N,은평구,37.6292375,126.9196753
404,은평뉴타운주유소,서울 은평구 통일로 924 (불광동),SKE,1695,1855,Y,Y,N,Y,N,N,은평구,37.6252814,126.9203998
405,박석고개주유소,서울 은평구 통일로 945 (갈현동),SKE,1695,1855,Y,Y,N,N,N,Y,은평구,37.6220821,126.9137086
406,뉴타운셀프주유소,서울 은평구 통일로 1031,SOL,1695,1875,Y,N,N,N,N,N,은평구,37.6123992,126.9292744
407,제이제이에너지,서울 은평구 응암로 163,SKE,1697,1887,Y,N,N,N,N,N,은평구,37.5867041,126.915896
408,자하문주유소,서울 종로구 자하문로 248 (부암동),SKE,1799,1999,Y,Y,N,N,N,N,종로구,37.5963101,126.9642698
409,안풍주유소,서울 종로구 자하문로 303,SOL,1799,1999,N,Y,N,N,N,N,종로구,37.5991115,126.9591542
410,㈜지에스이앤알 평창주유소,서울 종로구 평창문화로 135 (평창동),HDO,1799,2039,N,Y,N,N,N,N,종로구,37.6125337,126.9703038
411,구도일주유소특종,서울 종로구 평창문화로 90 (평창동),SOL,1830,2050,N,Y,N,N,N,N,종로구,37.6114973,126.9724497
412,SK북악주유소,서울 종로구 평창문화로 137,SKE,2198,2388,N,Y,N,N,N,N,종로구,37.5729503,126.9793579
413,경복궁주유소,서울 종로구 율곡로 6 (중학동),GSC,2280,2390,N,N,N,N,N,N,종로구,37.5760111,126.9806619
414,(주)대양씨앤씨 사직주유소,서울 종로구 사직로 65 (사직동),GSC,2290,2395,N,N,N,N,N,N,종로구,37.5744645,126.9666181
415,(주)중앙에너비스 혜화주유소,서울 종로구 창경궁로35길 1,SKE,2297,2397,N,N,N,N,N,Y,종로구,37.586068,127.0010581
416,다산주유소,서울 중구 다산로 233,SOL,1699,1839,Y,N,N,N,N,N,중구,37.5638911,127.0156764
417,장충드림주유소,서울 중구 동호로 296,SOL,1735,1895,Y,Y,N,N,N,N,중구,37.5607136,127.0031771
418,세화주유소,서울 중구 왕십리로 403,RTO,1768,1898,N,Y,N,Y,N,Y,중구,37.5647176,127.0254838
419,현대오일뱅크 장원주유소,서울 중구 동호로 203 (신당동),HDO,1833,1998,N,N,N,N,N,N,중구,37.5559993,127.0092633
420,SK에너지(주) 퇴계로주유소,서울 중구 퇴계로 228 (필동2가),SKE,1850,2090,N,N,N,N,N,N,중구,37.5598189,126.9946111
421,장충주유소,서울 중구 장충단로 202 (장충동1가),SKE,2048,2168,N,Y,N,N,N,Y,중구,37.5608027,127.0076024
422,신당동주유소,서울 중구 다산로 242 (신당동),SKE,2098,2398,N,Y,N,N,N,Y,중구,37.5645746,127.0164982
423,약수주유소,서울 중구 다산로 173,GSC,2197,2448,N,Y,N,Y,N,Y,중구,37.5590093,127.0126631
424,필동주유소,서울 중구 퇴계로 196 (필동2가),GSC,2429,2669,N,N,N,N,N,Y,중구,37.5598189,126.9946111
425,서남주유소,서울 중구 통일로 30,SKE,2635,2991,N,Y,N,N,N,Y,중구,37.5583477,126.9720901
426,대양주유소,서울 중랑구 봉우재로 105 (상봉동),GSC,1624,1845,Y,Y,N,N,N,N,중랑구,37.5945172,127.0885982
427,대원주유소,서울 중랑구 동일로 600,GSC,1624,1817,Y,Y,N,N,N,N,중랑구,37.583895,127.080133
428,우림주유소,서울특별시 중랑구  용마산로 487 (망우제3동),GSC,1625,1845,Y,Y,N,N,N,N,중랑구,37.6001716,127.0994451
429,면목SELF주유소,서울 중랑구 동일로 627 (면목동),SKE,1627,1817,Y,Y,N,Y,N,N,중랑구,37.5863022,127.0795124
430,(주)자연에너지 대창주유소,서울 중랑구 동일로 636 (면목동),HDO,1627,1797,N,N,N,N,N,N,중랑구,37.58717,127.0802173
431,오천만주유소,서울 중랑구 동일로 547 (면목동),SOL,1627,1797,Y,Y,N,N,N,N,중랑구,37.5788373,127.0793099
432,구도일주유소 동천,서울 중랑구 동일로 654 (면목동),SOL,1627,1817,Y,Y,N,N,N,N,중랑구,37.5888677,127.0802349
433,(주)태영 구도일주유소 한인,서울 중랑구 망우로 170 (상봉동),SOL,1637,1847,Y,Y,N,Y,N,N,중랑구,37.5924108,127.071856
434,(주)기지에너지,서울 중랑구 용마산로 716 (신내동),SOL,1645,1845,N,N,N,N,N,N,중랑구,37.6147043,127.1018978
435,신내주유소,서울 중랑구 용마산로 705 (신내동),SKE,1658,1859,Y,Y,N,N,N,N,중랑구,37.6141201,127.100916
436,범아주유소,서울 중랑구 동일로 881 (묵동),SOL,1669,1869,N,Y,N,Y,N,N,중랑구,37.609176,127.0776619
437,용마로주유소,서울 중랑구 용마산로 309 (면목동),SKE,1698,1858,Y,Y,N,N,N,N,중랑구,37.5798731,127.0921597
438,신일셀프주유소,서울 중랑구 상봉로 58 (망우동),SKE,1698,1899,Y,Y,N,Y,N,Y,중랑구,37.5909065,127.093834
